data,issued_for_vaccines,issued_for_vaccines_total,issued_for_tests,issued_for_tests_total,issued_for_healing,issued_for_healing_total,issued_all,issued_all_total
2023-01-16,1447,135329635,107583,172868671,11375,25229188,120495,333616624
2023-01-15,12548,135328188,27743,172761088,4185,25217813,44487,333496129
2023-01-14,23383,135315640,59817,172733345,9429,25213628,92647,333451642
2023-01-13,24294,135292257,73864,172673528,12001,25204199,110249,333358995
2023-01-12,23036,135267963,83350,172599664,14154,25192198,120621,333248746
2023-01-11,23612,135244927,93521,172516314,13841,25178044,131069,333128125
2023-01-10,17704,135221315,99594,172422793,17214,25164203,134614,332997056
2023-01-09,1664,135203611,138750,172323199,22039,25146989,162590,332862442
2023-01-08,8419,135201947,33804,172184449,4893,25124950,47132,332699852
2023-01-07,1189,135193528,82316,172150645,8207,25120057,91733,332652720
2023-01-06,21879,135192339,26564,172068329,13153,25111850,61610,332560987
2023-01-05,24015,135170460,84478,172041765,26824,25098697,135404,332499377
2023-01-04,26711,135146445,88167,171957287,17964,25071873,132937,332363973
2023-01-03,10272,135119734,98322,171869120,22978,25053909,131705,332231036
2023-01-02,394,135109462,120243,171770798,18866,25030931,139677,332099331
2023-01-01,3710,135109068,22480,171650555,5851,25012065,32063,331959654
2022-12-31,19797,135105358,65565,171628075,10956,25006214,96343,331927591
2022-12-30,21509,135085561,85137,171562510,18247,24995258,124995,331831248
2022-12-29,19946,135064052,91007,171477373,20283,24977011,131402,331706253
2022-12-28,17304,135044106,94913,171386366,24670,24956728,136976,331574851
2022-12-27,923,135026802,127538,171291453,28669,24932058,157247,331437875
2022-12-26,256,135025879,35417,171163915,4851,24903389,40533,331280628
2022-12-25,2023,135025623,19930,171128498,8599,24898538,30556,331240095
2022-12-24,14885,135023600,78154,171108568,13966,24889939,107018,331209539
2022-12-23,23803,135008715,89566,171030414,20236,24875973,133688,331102521
2022-12-22,26218,134984912,92194,170940848,21109,24855737,139605,330968833
2022-12-21,30012,134958694,101914,170848654,33673,24834628,165700,330829228
2022-12-20,29317,134928682,108554,170746740,29714,24800955,167666,330663528
2022-12-19,4451,134899365,147196,170638186,29153,24771241,180916,330495862
2022-12-18,21332,134894914,40450,170490990,12772,24742088,74573,330314946
2022-12-17,40412,134873582,86765,170450540,19941,24729316,147136,330240373
2022-12-16,57643,134833170,98713,170363775,28470,24709375,184930,330093237
2022-12-15,38611,134775527,108780,170265062,24708,24680905,172181,329908307
2022-12-14,35711,134736916,121622,170156282,32471,24656197,189947,329736126
2022-12-13,30571,134701205,123398,170034660,40323,24623726,194420,329546179
2022-12-12,2868,134670634,175585,169911262,39286,24583403,217894,329351759
2022-12-11,18063,134667766,44791,169735677,17137,24544117,80008,329133865
2022-12-10,34314,134649703,94475,169690886,21302,24526980,150117,329053857
2022-12-09,2974,134615389,125101,169596411,33838,24505678,162037,328903740
2022-12-08,67690,134612415,39151,169471310,16333,24471840,123188,328741703
2022-12-07,19594,134544725,123593,169432159,28849,24455507,172113,328618515
2022-12-06,38411,134525131,127890,169308566,39081,24426658,205496,328446402
2022-12-05,8178,134486720,183547,169180676,38405,24387577,230376,328240906
2022-12-04,21638,134478542,48290,168997129,15913,24349172,85855,328010530
2022-12-03,45476,134456904,100234,168948839,22082,24333259,167832,327924675
2022-12-02,44341,134411428,117854,168848605,30117,24311177,192556,327756843
2022-12-01,67716,134367087,126338,168730751,28483,24281060,222799,327564287
2022-11-30,26438,134299371,140404,168604413,33134,24252577,200095,327341488
2022-11-29,35921,134272933,142416,168464009,38943,24219443,217415,327141393
2022-11-28,6211,134237012,193739,168321593,68067,24180500,268197,326923978
2022-11-27,27633,134230801,47303,168127854,17999,24112433,92959,326655781
2022-11-26,46093,134203168,104249,168080551,20408,24094434,170780,326562822
2022-11-25,40326,134157075,118534,167976302,41061,24074026,200043,326392042
2022-11-24,44120,134116749,126952,167857768,33173,24032965,204397,326191999
2022-11-23,40815,134072629,143299,167730816,31580,23999792,215811,325987602
2022-11-22,34957,134031814,134735,167587517,34174,23968212,203993,325771791
2022-11-21,5714,133996857,184590,167452782,36668,23934038,227140,325567798
2022-11-20,26731,133991143,46504,167268192,14679,23897370,87938,325340658
2022-11-19,51691,133964412,101592,167221688,16319,23882691,169625,325252720
2022-11-18,49442,133912721,116178,167120096,23869,23866372,189647,325083095
2022-11-17,93190,133863279,123778,167003918,23063,23842503,240218,324893448
2022-11-16,236,133770089,133450,166880140,30719,23819440,164537,324653230
2022-11-15,40763,133769853,133515,166746690,30135,23788721,204532,324488693
2022-11-14,5769,133729090,175245,166613175,32333,23758586,213533,324284161
2022-11-13,31394,133723321,43270,166437930,11329,23726253,86015,324070628
2022-11-12,54525,133691927,95929,166394660,16180,23714924,166656,323984613
2022-11-11,56895,133637402,107700,166298731,24187,23698744,188926,323817957
2022-11-10,57031,133580507,113875,166191031,22839,23674557,193905,323629031
2022-11-09,50551,133523476,124049,166077156,30736,23651718,205483,323435126
2022-11-08,41917,133472925,124612,165953107,28904,23620982,195612,323229643
2022-11-07,5904,133431008,165262,165828495,35170,23592078,206566,323034031
2022-11-06,31194,133425104,40386,165663233,12711,23556908,84308,322827465
2022-11-05,57552,133393910,92779,165622847,16653,23544197,167025,322743157
2022-11-04,56699,133336358,111098,165530068,32413,23527544,200466,322576132
2022-11-03,45734,133279659,119599,165418970,32857,23495131,198445,322375666
2022-11-02,5622,133233925,166123,165299371,46325,23462274,218420,322177221
2022-11-01,40259,133228303,45020,165133248,20511,23415949,105865,321958801
2022-10-31,6063,133188044,150267,165088228,38353,23395438,194883,321852936
2022-10-30,31498,133181981,36516,164937961,15367,23357085,83414,321658053
2022-10-29,64223,133150483,94604,164901445,22736,23341718,181639,321574639
2022-10-28,68294,133086260,119821,164806841,34776,23318982,223242,321393000
2022-10-27,65483,133017966,127190,164687020,36144,23284206,229206,321169758
2022-10-26,63328,132952483,141688,164559830,53145,23248062,258447,320940552
2022-10-25,49054,132889155,147344,164418142,41157,23194917,237777,320682105
2022-10-24,6356,132840101,198656,164270798,53029,23153760,258384,320444328
2022-10-23,36796,132833745,47337,164072142,19619,23100731,103796,320185944
2022-10-22,64028,132796949,112939,164024805,26633,23081112,203651,320082148
2022-10-21,70712,132732921,132041,163911866,37164,23054479,240177,319878497
2022-10-20,71942,132662209,137493,163779825,43201,23017315,252875,319638320
2022-10-19,61278,132590267,154187,163642332,48720,22974114,264421,319385445
2022-10-18,48873,132528989,156509,163488145,48531,22925394,254070,319121024
2022-10-17,7678,132480116,212849,163331636,55982,22876863,276792,318866954
2022-10-16,30795,132472438,46771,163118787,20978,22820881,98581,318590162
2022-10-15,62978,132441643,119662,163072016,27634,22799903,210339,318491581
2022-10-14,72274,132378665,135531,162952354,31629,22772269,239622,318281242
2022-10-13,53528,132306391,140473,162816823,38680,22740640,232958,318041620
2022-10-12,57129,132252863,156749,162676350,44108,22701960,258197,317808662
2022-10-11,42663,132195734,157631,162519601,39354,22657852,239910,317550465
2022-10-10,4221,132153071,209345,162361970,47533,22618498,261472,317310555
2022-10-09,26230,132148850,48157,162152625,17312,22570965,91721,317049083
2022-10-08,54781,132122620,122983,162104468,21778,22553653,199596,316957362
2022-10-07,51116,132067839,128620,161981485,31999,22531875,212038,316757766
2022-10-06,40399,132016723,135651,161852865,27597,22499876,203962,316545728
2022-10-05,31220,131976324,142821,161717214,31952,22472279,206267,316341766
2022-10-04,27686,131945104,150397,161574393,30361,22440327,208829,316135499
2022-10-03,2432,131917418,186528,161423996,32889,22409966,222541,315926670
2022-10-02,36854,131914986,43203,161237468,12024,22377077,92123,315704129
2022-10-01,95,131878132,100185,161194265,13945,22365053,114428,315612006
2022-09-30,32319,131878037,116509,161094080,20808,22351108,169939,315497578
2022-09-29,84909,131845718,121235,160977571,18562,22330300,225113,315327639
2022-09-28,6292,131760809,134338,160856336,32436,22311738,173288,315102526
2022-09-27,6619,131754517,136068,160721998,50255,22279302,193218,314929238
2022-09-26,363,131747898,163162,160585930,42748,22229047,206725,314736020
2022-09-25,3655,131747535,40688,160422768,8558,22186299,52931,314529295
2022-09-24,10552,131743880,89346,160382080,11187,22177741,111144,314476364
2022-09-23,90261,131733328,104203,160292734,18187,22166554,212882,314365220
2022-09-22,6100,131643067,105487,160188531,16663,22148367,128552,314152338
2022-09-21,11339,131636967,115125,160083044,23638,22131704,150335,314023786
2022-09-20,8360,131625628,121399,159967919,21021,22108066,151048,313873451
2022-09-19,656,131617268,150339,159846520,24264,22087045,175665,313722403
2022-09-18,2453,131616612,39991,159696181,7412,22062781,49882,313546738
2022-09-17,5503,131614159,77444,159656190,10923,22055369,93914,313496856
2022-09-16,6861,131608656,98049,159578746,18412,22044446,123578,313402942
2022-09-15,7638,131601795,106526,159480697,40234,22026034,154645,313279364
2022-09-14,9434,131594157,103273,159374171,23969,21985800,136850,313124719
2022-09-13,9193,131584723,111428,159270898,23251,21961831,144153,312987869
2022-09-12,700,131575530,143792,159159470,34034,21938580,178915,312843716
2022-09-11,6769,131574830,38133,159015678,9327,21904546,54256,312664801
2022-09-10,14715,131568061,85633,158977545,13440,21895219,113837,312610545
2022-09-09,18107,131553346,101726,158891912,29691,21881779,149801,312496708
2022-09-08,14905,131535239,101300,158790186,24933,21852088,141422,312346907
2022-09-07,17135,131520334,111312,158688886,28358,21827155,157042,312205485
2022-09-06,15868,131503199,118387,158577574,38647,21798797,173220,312048443
2022-09-05,962,131487331,151722,158459187,35445,21760150,188658,311875223
2022-09-04,8839,131486369,38847,158307465,8991,21724705,56721,311686565
2022-09-03,17607,131477530,89640,158268618,19833,21715714,127133,311629844
2022-09-02,20868,131459923,108831,158178978,26744,21695881,156907,311502711
2022-09-01,21480,131439055,109903,158070147,27734,21669137,159929,311345804
2022-08-31,22307,131417575,118132,157960244,30456,21641403,171200,311185875
2022-08-30,19169,131395268,118721,157842112,33051,21610947,171251,311014675
2022-08-29,1530,131376099,155363,157723391,40592,21577896,197990,310843424
2022-08-28,10542,131374569,38448,157568028,8047,21537304,57095,310645434
2022-08-27,21092,131364027,89607,157529580,15856,21529257,126641,310588339
2022-08-26,22660,131342935,110113,157439973,25996,21513401,159046,310461698
2022-08-25,22516,131320275,103736,157329860,26801,21487405,153313,310302652
2022-08-24,20579,131297759,109885,157226124,30223,21460604,160931,310149339
2022-08-23,17343,131277180,120193,157116239,33659,21430381,171448,309988408
2022-08-22,1362,131259837,145038,156996046,39243,21396722,186040,309816960
2022-08-21,9449,131258475,39498,156851008,13589,21357479,62574,309630920
2022-08-20,19990,131249026,90509,156811510,19067,21343890,129613,309568346
2022-08-19,26734,131229036,114208,156721001,35094,21324823,176308,309438733
2022-08-18,21294,131202302,109603,156606793,38902,21289729,170071,309262425
2022-08-17,18572,131181008,116893,156497190,54363,21250827,190025,309092354
2022-08-16,703,131162436,157041,156380297,49621,21196464,207644,308902329
2022-08-15,1206,131161733,42496,156223256,10384,21146843,54141,308694685
2022-08-14,10081,131160527,44554,156180760,15108,21136459,69782,308640544
2022-08-13,25076,131150446,99650,156136206,26475,21121351,151264,308570762
2022-08-12,34840,131125370,132676,156036556,49706,21094876,217519,308419498
2022-08-11,34810,131090530,124574,155903880,48146,21045170,207858,308201979
2022-08-10,38047,131055720,136065,155779306,57622,20997024,231943,307994121
2022-08-09,33889,131017673,129476,155643241,61189,20939402,224848,307762178
2022-08-08,5191,130983784,189972,155513765,75555,20878213,271147,307537330
2022-08-07,26265,130978593,44549,155323793,22198,20802658,93045,307266183
2022-08-06,54344,130952328,124001,155279244,42411,20780460,220797,307173138
2022-08-05,52674,130897984,162164,155155243,64361,20738049,279567,306952341
2022-08-04,54250,130845310,159060,154993079,66540,20673688,280232,306672774
2022-08-03,55873,130791060,167244,154834019,72788,20607148,296238,306392542
2022-08-02,52673,130735187,173138,154666775,79977,20534360,306247,306096304
2022-08-01,7320,130682514,248632,154493637,120795,20454383,377866,305790057
2022-07-31,44307,130675194,61349,154245005,53875,20333588,159603,305412191
2022-07-30,77621,130630887,153474,154183656,56207,20279713,287374,305252588
2022-07-29,88308,130553266,200569,154030182,83773,20223506,373056,304965214
2022-07-28,70506,130464958,190905,153829613,81089,20139733,342914,304592158
2022-07-27,66487,130394452,202060,153638708,121677,20058644,390586,304249244
2022-07-26,65237,130327965,214729,153436648,73794,19936967,354109,303858658
2022-07-25,8608,130262728,301736,153221919,107192,19863173,417982,303504549
2022-07-24,49781,130254120,68171,152920183,37196,19755981,155194,303086567
2022-07-23,83982,130204339,190937,152852012,66465,19718785,341471,302931373
2022-07-22,84923,130120357,238537,152661075,97908,19652320,421731,302589902
2022-07-21,82649,130035434,228846,152422538,93618,19554412,405458,302168171
2022-07-20,78853,129952785,237814,152193692,105354,19460794,422305,301762713
2022-07-19,68679,129873932,245239,151955878,117324,19355440,431507,301340408
2022-07-18,6790,129805253,339676,151710639,131673,19238116,478558,300908901
2022-07-17,44800,129798463,79391,151370963,34711,19106443,158934,300430343
2022-07-16,121379,129753663,210173,151291572,72311,19071732,403933,300271409
2022-07-15,590,129632284,258927,151081399,85513,18999421,345374,299867476
2022-07-14,50189,129631694,242624,150822472,89308,18913908,382467,299522102
2022-07-13,37158,129581505,255938,150579848,91225,18824600,384629,299139635
2022-07-12,27514,129544347,252309,150323910,89061,18733375,369165,298755006
2022-07-11,2166,129516833,340269,150071601,102271,18644314,445167,298385841
2022-07-10,19173,129514667,79660,149731332,27596,18542043,126478,297940674
2022-07-09,27728,129495494,204896,149651672,44760,18514447,277465,297814196
2022-07-08,26361,129467766,241226,149446776,69274,18469687,337249,297536731
2022-07-07,24262,129441405,224846,149205550,64959,18400413,314459,297199482
2022-07-06,22250,129417143,226388,148980704,61034,18335454,310075,296885023
2022-07-05,17551,129394893,224081,148754316,60238,18274420,302295,296574948
2022-07-04,1739,129377342,287789,148530235,72322,18214182,362554,296272653
2022-07-03,12580,129375603,68412,148242446,21810,18141860,102870,295910099
2022-07-02,18664,129363023,168983,148174034,29496,18120050,217298,295807229
2022-07-01,23472,129344359,201723,148005051,51879,18090554,278418,295589931
2022-06-30,21503,129320887,207251,147803328,51707,18038675,281005,295311513
2022-06-29,21172,129299384,169658,147596077,28803,17986968,220037,295030508
2022-06-28,17932,129278212,183003,147426419,44755,17958165,246114,294810471
2022-06-27,1822,129260280,229348,147243416,49885,17913410,281742,294564357
2022-06-26,16799,129258458,57921,147014068,12320,17863525,87103,294282615
2022-06-25,23970,129241659,137474,146956147,20550,17851205,182116,294195512
2022-06-24,40102,129217689,157299,146818673,31727,17830655,229562,294013396
2022-06-23,460,129177587,153561,146661374,33283,17798928,187769,293783834
2022-06-22,23261,129177127,157686,146507813,31246,17765645,212543,293596065
2022-06-21,12176,129153866,157497,146350127,27632,17734399,197669,293383522
2022-06-20,2032,129141690,188283,146192630,50777,17706767,241622,293185853
2022-06-19,14367,129139658,50353,146004347,8844,17655990,73617,292944231
2022-06-18,19656,129125291,109841,145953994,16361,17647146,145916,292870614
2022-06-17,21346,129105635,134930,145844153,48741,17630785,205437,292724698
2022-06-16,22058,129084289,129118,145709223,40205,17582044,191941,292519261
2022-06-15,21219,129062231,134669,145580105,49431,17541839,205653,292327320
2022-06-14,16339,129041012,139748,145445436,19918,17492408,176394,292121667
2022-06-13,2175,129024673,161012,145305688,31511,17472490,195256,291945273
2022-06-12,15324,129022498,47423,145144676,6374,17440979,69171,291750017
2022-06-11,23972,129007174,105945,145097253,10580,17434605,140589,291680846
2022-06-10,25018,128983202,130833,144991308,22609,17424025,178969,291540257
2022-06-09,24242,128958184,126402,144860475,18089,17401416,169202,291361288
2022-06-08,23576,128933942,132916,144734073,22700,17383327,179699,291192086
2022-06-07,18772,128910366,139664,144601157,24875,17360627,183865,291012387
2022-06-06,1838,128891594,169174,144461493,33570,17335752,205520,290828522
2022-06-05,12501,128889756,51067,144292319,8431,17302182,72083,290623002
2022-06-04,20499,128877255,103465,144241252,14306,17293751,138398,290550919
2022-06-03,2401,128856756,139207,144137787,30369,17279445,172968,290412521
2022-06-02,25818,128854355,54172,143998580,9750,17249076,89905,290239553
2022-06-01,30460,128828537,141917,143944408,26902,17239326,200575,290149648
2022-05-31,27511,128798077,151833,143802491,31380,17212424,211495,289949073
2022-05-30,5021,128770566,184457,143650658,43867,17181044,234503,289737578
2022-05-29,24223,128765545,57015,143466201,11025,17137177,92383,289503075
2022-05-28,36017,128741322,117741,143409186,21263,17126152,175199,289410692
2022-05-27,37757,128705305,149931,143291445,54849,17104889,243441,289235493
2022-05-26,37837,128667548,155604,143141514,32514,17050040,226752,288992052
2022-05-25,36668,128629711,157619,142985910,45221,17017526,240130,288765300
2022-05-24,51512,128593043,175978,142828291,45795,16972305,273830,288525170
2022-05-23,4204,128541531,212290,142652313,52479,16926510,269825,288251340
2022-05-22,17326,128537327,63255,142440023,19287,16874031,99960,287981515
2022-05-21,26950,128520001,137319,142376768,24763,16854744,189188,287881555
2022-05-20,42256,128493051,173714,142239449,42243,16829981,258873,287692367
2022-05-19,46108,128450795,175838,142065735,42934,16787738,265371,287433494
2022-05-18,33372,128404687,191222,141889897,48363,16744804,273357,287168123
2022-05-17,31782,128371315,181130,141698675,50601,16696441,263972,286894766
2022-05-16,6178,128339533,247405,141517545,62200,16645840,316585,286630794
2022-05-15,31213,128333355,69957,141270140,18513,16583640,119755,286314209
2022-05-14,43469,128302142,156931,141200183,31661,16565127,232154,286194454
2022-05-13,48677,128258673,196098,141043252,50991,16533466,296309,285962300
2022-05-12,48300,128209996,191825,140847154,48066,16482475,288737,285665991
2022-05-11,42267,128161696,206645,140655329,64736,16434409,314190,285377254
2022-05-10,41331,128119429,217407,140448684,64038,16369673,323303,285063064
2022-05-09,6565,128078098,274983,140231277,72981,16305635,355313,284739761
2022-05-08,28538,128071533,81075,139956294,25454,16232654,135124,284384448
2022-05-07,43441,128042995,170301,139875219,40904,16207200,254757,284249324
2022-05-06,60563,127999554,220436,139704918,88997,16166296,370727,283994567
2022-05-05,30890,127938991,196207,139484482,53390,16077299,281280,283623840
2022-05-04,40793,127908101,217277,139288275,67841,16023909,326699,283342560
2022-05-03,36848,127867308,248940,139070998,70844,15956068,357760,283015861
2022-05-02,4062,127830460,296759,138822058,80133,15885224,383433,282658101
2022-05-01,37606,127826398,78248,138525299,35588,15805091,151945,282274668
2022-04-30,48897,127788792,230165,138447051,47773,15769503,327118,282122723
2022-04-29,49006,127739895,308422,138216886,75704,15721730,434375,281795605
2022-04-28,51443,127690889,305713,137908464,69558,15646026,428005,281361230
2022-04-27,53008,127639446,326690,137602751,80231,15576468,461106,280933225
2022-04-26,5040,127586438,460705,137276061,94951,15496237,562527,280472119
2022-04-25,7312,127581398,135208,136815356,22859,15401286,165661,279909592
2022-04-24,39169,127574086,105278,136680148,30449,15378427,175091,279743931
2022-04-23,51315,127534917,271174,136574870,49800,15347978,372680,279568840
2022-04-22,46760,127483602,319686,136303696,70101,15298178,437903,279196160
2022-04-21,47541,127436842,337712,135984010,78474,15228077,464870,278758257
2022-04-20,44342,127389301,347902,135646298,84188,15149603,477376,278293387
2022-04-19,3298,127344959,495144,135298396,108185,15065415,608001,277816011
2022-04-18,845,127341661,119638,134803252,22638,14957230,143221,277208010
2022-04-17,20133,127340816,74684,134683614,31863,14934592,126750,277064789
2022-04-16,33325,127320683,293018,134608930,69385,14902729,396049,276938039
2022-04-15,39014,127287358,325876,134315912,75320,14833344,441243,276541990
2022-04-14,31245,127248344,321309,133990036,73716,14758024,427194,276100747
2022-04-13,31333,127217099,359706,133668727,72884,14684308,464733,275673553
2022-04-12,30622,127185766,333976,133309021,82349,14611424,447884,275208820
2022-04-11,6504,127155144,459849,132975045,111777,14529075,579336,274760936
2022-04-10,30901,127148640,133012,132515196,35038,14417298,199095,274181600
2022-04-09,34961,127117739,300687,132382184,52970,14382260,388843,273982505
2022-04-08,33348,127082778,350927,132081497,88306,14329290,473580,273593662
2022-04-07,31288,127049430,339417,131730570,73382,14240984,445022,273120082
2022-04-06,31125,127018142,377089,131391153,82822,14167602,491985,272675060
2022-04-05,30102,126987017,355065,131014064,87281,14084780,473670,272183075
2022-04-04,7213,126956915,494731,130658999,115483,13997499,619369,271709405
2022-04-03,29923,126949702,146584,130164268,33182,13882016,209907,271090036
2022-04-02,33192,126919779,317437,130017684,49674,13848834,400848,270880129
2022-04-01,46467,126886587,377166,129700247,81011,13799160,509686,270479281
2022-03-31,41122,126840120,651982,129323081,93290,13718149,788343,269969595
2022-03-30,43105,126798998,216666,128671099,51312,13624859,311846,269181252
2022-03-29,49854,126755893,445562,128454433,90357,13573547,587672,268869406
2022-03-28,15146,126706039,548926,128008871,113088,13483190,679324,268281734
2022-03-27,53651,126690893,148843,127459945,43141,13370102,245973,267602410
2022-03-26,59433,126637242,333765,127311102,47963,13326961,441842,267356437
2022-03-25,56353,126577809,403126,126977337,81386,13278998,542692,266914595
2022-03-24,46940,126521456,400726,126574211,74191,13197612,523542,266371903
2022-03-23,54320,126474516,444192,126173485,68567,13123421,568591,265848361
2022-03-22,55131,126420196,406582,125729293,70370,13054854,533552,265279770
2022-03-21,17352,126365065,540300,125322711,87856,12984484,647008,264746218
2022-03-20,60256,126347713,156930,124782411,23915,12896628,241314,264099210
2022-03-19,110963,126287457,317906,124625481,40811,12872713,470048,263857896
2022-03-18,59812,126176494,394994,124307575,57398,12831902,513647,263387848
2022-03-17,56348,126116682,399060,123912581,52409,12774504,509175,262874201
2022-03-16,65227,126060334,436871,123513521,55131,12722095,558674,262365026
2022-03-15,64746,125995107,401918,123076650,57304,12666964,525294,261806352
2022-03-14,1003523,125930361,517024,122674732,69193,12609660,1591059,261281058
2022-03-13,1646470,124926838,144288,122157708,23223,12540467,1814142,259689999
2022-03-12,78384,123280368,287932,122013420,35751,12517244,402393,257875857
2022-03-11,73684,123201984,352233,121725488,51824,12481493,479119,257473464
2022-03-10,67746,123128300,357210,121373255,52380,12429669,478577,256994345
2022-03-09,72297,123060554,395781,121016045,55947,12377289,525291,256515768
2022-03-08,79995,122988257,354970,120620264,56139,12321342,492569,255990477
2022-03-07,40649,122908262,475718,120265294,79077,12265203,597199,255497908
2022-03-06,86196,122867613,137351,119789576,20862,12186126,244566,254900709
2022-03-05,91982,122781417,266534,119652225,40397,12165264,399345,254656143
2022-03-04,84654,122689435,348395,119385691,62420,12124867,497634,254256798
2022-03-03,84107,122604781,343137,119037296,65078,12062447,494900,253759164
2022-03-02,106871,122520674,393217,118694159,64900,11997369,568127,253264264
2022-03-01,136194,122413803,360267,118300942,76965,11932469,579853,252696137
2022-02-28,78452,122277609,496042,117940675,120507,11855504,701097,252116284
2022-02-27,82546,122199157,136126,117444633,31362,11734997,250876,251415187
2022-02-26,134292,122116611,296204,117308507,50710,11703635,482468,251164311
2022-02-25,126453,121982319,376565,117012303,77517,11652925,585418,250681843
2022-02-24,120368,121855866,387348,116635738,76066,11575408,587815,250096425
2022-02-23,135365,121735498,436993,116248390,101038,11499342,676789,249508610
2022-02-22,145258,121600133,408465,115811397,91600,11398304,648423,248831821
2022-02-21,80544,121454875,561212,115402932,118819,11306704,763587,248183398
2022-02-20,166012,121374331,170086,114841720,43609,11187885,380059,247419811
2022-02-19,186401,121208319,346885,114671634,69680,11144276,603533,247039752
2022-02-18,146768,121021918,423741,114324749,227876,11074596,800810,246436219
2022-02-17,172830,120875150,438420,113901008,111071,10846720,724667,245635409
2022-02-16,195052,120702320,486726,113462588,120962,10735649,805065,244910742
2022-02-15,193932,120507268,462329,112975862,136928,10614687,795210,244105677
2022-02-14,127144,120313336,648206,112513533,180059,10477759,957391,243310467
2022-02-13,245073,120186192,207276,111865327,428237,10297700,880806,242353076
2022-02-12,250973,119941119,421291,111658051,92895,9869463,765463,241472270
2022-02-11,263709,119690146,515783,111236760,152013,9776568,932970,240706807
2022-02-10,244416,119426437,536476,110720977,165962,9624555,948181,239773837
2022-02-09,293354,119182021,633661,110184501,179583,9458593,1107125,238825656
2022-02-08,291757,118888667,614275,109550840,190233,9279010,1096279,237718531
2022-02-07,198678,118596910,924688,108936565,250350,9088777,1373716,236622252
2022-02-06,371219,118398232,310677,108011877,110759,8838427,792655,235248536
2022-02-05,385291,118027013,629813,107701200,146547,8727668,1161651,234455881
2022-02-04,182915,117641722,717283,107071387,235340,8581121,1135538,233294230
2022-02-03,600514,117458807,746755,106354104,225539,8345781,1572808,232158692
2022-02-02,432385,116858293,801921,105607349,248287,8120242,1482593,230585884
2022-02-01,557999,116425908,819358,104805428,248190,7871955,1625547,229103291
2022-01-31,348905,115867909,1144030,103986070,271131,7623765,1764066,227477744
2022-01-30,529919,115519004,365574,102842040,118120,7352634,1013613,225713678
2022-01-29,697535,114989085,785330,102476466,167084,7234514,1649949,224700065
2022-01-28,267474,114291550,845555,101691136,232409,7067430,1345438,223050116
2022-01-27,546941,114024076,859095,100845581,211654,6835021,1617690,221704678
2022-01-26,560011,113477135,887268,99986486,252934,6623367,1700213,220086988
2022-01-25,570059,112917124,918080,99099218,208305,6370433,1696444,218386775
2022-01-24,348845,112347065,1190154,98181138,343147,6162128,1882146,216690331
2022-01-23,558289,111998220,387876,96990984,112710,5818981,1058875,214808185
2022-01-22,599659,111439931,831569,96603108,184350,5706271,1615578,213749310
2022-01-21,643155,110840272,917683,95771539,262214,5521921,1823052,212133732
2022-01-20,615380,110197117,910864,94853856,248462,5259707,1774706,210310680
2022-01-19,651494,109581737,1043662,93942992,283669,5011245,1978825,208535974
2022-01-18,621575,108930243,956725,92899330,227641,4727576,1805941,206557149
2022-01-17,444401,108308668,1246594,91942605,324334,4499935,2015329,204751208
2022-01-16,729232,107864267,392797,90696011,90583,4175601,1212612,202735879
2022-01-15,729202,107135035,839679,90303214,123090,4085018,1691971,201523267
2022-01-14,656144,106405833,994118,89463535,223317,3961928,1873579,199831296
2022-01-13,721160,105749689,925755,88469417,192991,3738611,1839906,197957717
2022-01-12,763678,105028529,1021864,87543662,124274,3545620,1909816,196117811
2022-01-11,653257,104264851,964041,86521798,173577,3421346,1790875,194207995
2022-01-10,430315,103611594,1270654,85557757,96742,3247769,1797711,192417120
2022-01-09,642735,103181279,452046,84287103,40520,3151027,1135301,190619409
2022-01-08,667067,102538544,910359,83835057,46763,3110507,1624189,189484108
2022-01-07,355873,101871477,1075633,82924698,76361,3063744,1507867,187859919
2022-01-06,675119,101515604,355624,81849065,30527,2987383,1061270,186352052
2022-01-05,686455,100840485,1064990,81493441,55706,2956856,1807151,185290782
2022-01-04,615065,100154030,975389,80428451,43663,2901150,1634117,183483631
2022-01-03,341543,99538965,1219385,79453062,42851,2857487,1603779,181849514
2022-01-02,75498,99197422,394621,78233677,14673,2814636,484792,180245735
2022-01-01,296288,99121924,215931,77839056,16418,2799963,528637,179760943
2021-12-31,593745,98825636,1305699,77623125,24957,2783545,1924401,179232306
2021-12-30,1605116,98231891,1360606,76317426,22591,2758588,2988313,177307905
2021-12-29,699631,96626775,1220637,74956820,20564,2735997,1940832,174319592
2021-12-28,564013,95927144,1119108,73736183,20435,2715433,1703556,172378760
2021-12-27,162390,95363131,1228224,72617075,15229,2694998,1405843,170675204
2021-12-26,40260,95200741,301554,71388851,6674,2679769,348488,169269361
2021-12-25,254681,95160481,171296,71087297,7293,2673095,433270,168920873
2021-12-24,498766,94905800,1205808,70916001,17374,2665802,1721948,168487603
2021-12-23,568892,94407034,1069340,69710193,25108,2648428,1663340,166765655
2021-12-22,562228,93838142,1040864,68640853,15484,2623320,1618576,165102315
2021-12-21,565052,93275914,855436,67599989,18874,2607836,1439362,163483739
2021-12-20,411844,92710862,1034214,66744553,16368,2588962,1462426,162044377
2021-12-19,506868,92299018,358502,65710339,7394,2572594,872764,160581951
2021-12-18,575911,91792150,685105,65351837,12533,2565200,1273549,159709187
2021-12-17,574378,91216239,808412,64666732,15245,2552667,1398035,158435638
2021-12-16,579430,90641861,786140,63858320,16208,2537422,1381778,157037603
2021-12-15,542047,90062431,884891,63072180,14981,2521214,1441919,155655825
2021-12-14,537417,89520384,698143,62187289,16207,2506233,1251767,154213906
2021-12-13,328005,88982967,968461,61489146,14823,2490026,1311289,152962139
2021-12-12,501631,88654962,330943,60520685,6729,2475203,839303,151650850
2021-12-11,574257,88153331,614171,60189742,9241,2468474,1197669,150811547
2021-12-10,568096,87579074,608675,59575571,12435,2459233,1189206,149613878
2021-12-09,545972,87010978,920169,58966896,12352,2446798,1478493,148424672
2021-12-08,513749,86465006,327350,58046727,8172,2434446,849271,146946179
2021-12-07,513191,85951257,670784,57719377,10421,2426274,1194396,146096908
2021-12-06,311262,85438066,891442,57048593,12275,2415853,1214979,144902512
2021-12-05,968069,85126804,336563,56157151,5369,2403578,1310001,143687533
2021-12-04,21035,84158735,697670,55820588,6564,2398209,725269,142377532
2021-12-03,464459,84137700,766715,55122918,9529,2391645,1240703,141652263
2021-12-02,498888,83673241,682493,54356203,10066,2382116,1191447,140411560
2021-12-01,345937,83174353,829331,53673710,9010,2372050,1184278,139220113
2021-11-30,365457,82828416,656223,52844379,8809,2363040,1030489,138035835
2021-11-29,169911,82462959,924016,52188156,8702,2354231,1102629,137005346
2021-11-28,305781,82293048,296869,51264140,3856,2345529,606506,135902717
2021-11-27,355079,81987267,666125,50967271,4790,2341673,1025994,135296211
2021-11-26,349901,81632188,721089,50301146,6982,2336883,1077972,134270217
2021-11-25,307812,81282287,659220,49580057,7261,2329901,974293,133192245
2021-11-24,271399,80974475,832154,48920837,5908,2322640,1109461,132217952
2021-11-23,261227,80703076,622790,48088683,6686,2316732,890703,131108491
2021-11-22,110079,80441849,905616,47465893,5941,2310046,1021636,130217788
2021-11-21,197514,80331770,294294,46560277,2905,2304105,494713,129196152
2021-11-20,226142,80134256,651869,46265983,3912,2301200,881923,128701439
2021-11-19,274692,79908114,710143,45614114,5081,2297288,989916,127819516
2021-11-18,192523,79633422,640100,44903971,5411,2292207,838034,126829600
2021-11-17,210310,79440899,798799,44263871,5381,2286796,1014490,125991566
2021-11-16,207494,79230589,606404,43465072,6111,2281415,820009,124977076
2021-11-15,88153,79023095,888168,42858668,4511,2275304,980832,124157067
2021-11-14,166990,78934942,274355,41970500,2131,2270793,443476,123176235
2021-11-13,219327,78767952,604158,41696145,2997,2268662,826482,122732759
2021-11-12,234830,78548625,660780,41091987,4049,2265665,899659,121906277
2021-11-11,189670,78313795,596982,40431207,4228,2261616,790880,121006618
2021-11-10,194827,78124125,770254,39834225,4269,2257388,969350,120215738
2021-11-09,200886,77929298,575990,39063971,4496,2253119,781372,119246388
2021-11-08,81783,77728412,867766,38487981,3680,2248623,953229,118465016
2021-11-07,156775,77646629,266030,37620215,1793,2244943,424598,117511787
2021-11-06,230399,77489854,594007,37354185,2455,2243150,826861,117087189
2021-11-05,210881,77259455,578405,36760178,3560,2240695,792846,116260328
2021-11-04,196597,77048574,700946,36181773,3918,2237135,901461,115467482
2021-11-03,170498,76851977,639996,35480827,3275,2233217,813769,114566021
2021-11-02,245570,76681479,859372,34840831,3978,2229942,1108920,113752252
2021-11-01,81336,76435909,298143,33981459,2230,2225964,381709,112643332
2021-10-31,149669,76354573,217284,33683316,1214,2223734,368167,112261623
2021-10-30,198828,76204904,597982,33466032,1744,2222520,798554,111893456
2021-10-29,36916,76006076,619701,32868050,2829,2220776,659446,111094902
2021-10-28,206628,75969160,589755,32248349,2706,2217947,799089,110435456
2021-10-27,183457,75762532,798821,31658594,3024,2215241,985302,109636367
2021-10-26,204681,75579075,581393,30859773,3527,2212217,789601,108651065
2021-10-25,123668,75374394,907781,30278380,3177,2208690,1034626,107861464
2021-10-24,179199,75250726,261064,29370599,1092,2205513,441355,106826838
2021-10-23,225464,75071527,588256,29109535,1957,2204421,815677,106385483
2021-10-22,213252,74846063,661203,28521279,3904,2202464,878359,105569806
2021-10-21,210077,74632811,607330,27860076,3271,2198560,820678,104691447
2021-10-20,177124,74422734,801134,27252746,3597,2195289,981855,103870769
2021-10-19,203719,74245610,598183,26451612,4436,2191692,806338,102888914
2021-10-18,130170,74041891,914702,25853429,4512,2187256,1049384,102082576
2021-10-17,174141,73911721,261731,24938727,1530,2182744,437402,101033192
2021-10-16,211188,73737580,560269,24676996,2372,2181214,773829,100595790
2021-10-15,208831,73526392,653827,24116727,4381,2178842,867039,99821961
2021-10-14,223165,73317561,632802,23462900,4127,2174461,860094,98954922
2021-10-13,188924,73094396,369415,22830098,4847,2170334,563186,98094828
2021-10-12,178844,72905472,292398,22460683,4998,2165487,476240,97531642
2021-10-11,124431,72726628,333488,22168285,4842,2160489,462761,97055402
2021-10-10,172268,72602197,107705,21834797,1782,2155647,281755,96592641
2021-10-09,193134,72429929,351870,21727092,2082,2153865,547086,96310886
2021-10-08,176400,72236795,360231,21375222,4501,2151783,541132,95763800
2021-10-07,185985,72060395,288598,21014991,4417,2147282,479000,95222668
2021-10-06,168584,71874410,313837,20726393,5592,2142865,488013,94743668
2021-10-05,331588,71705826,297850,20412556,5035,2137273,634473,94255655
2021-10-04,128320,71374238,338681,20114706,5408,2132238,472409,93621182
2021-10-03,158983,71245918,102917,19776025,1806,2126830,263706,93148773
2021-10-02,188352,71086935,346188,19673108,2574,2125024,537114,92885067
2021-10-01,189339,70898583,381007,19326920,5528,2122450,575874,92347953
2021-09-30,196764,70709244,299006,18945913,5164,2116922,500934,91772079
2021-09-29,176505,70512480,317058,18646907,7830,2111758,501393,91271145
2021-09-28,217276,70335975,295953,18329849,25183,2103928,538412,90769752
2021-09-27,145005,70118699,353138,18033896,7009,2078745,505152,90231340
2021-09-26,168150,69973694,107972,17680758,2198,2071736,278320,89726188
2021-09-25,230420,69805544,347399,17572786,2979,2069538,580798,89447868
2021-09-24,178989,69575124,385435,17225387,5730,2066559,570154,88867070
2021-09-23,235299,69396135,291647,16839952,6480,2060829,533426,88296916
2021-09-22,223107,69160836,305623,16548305,6894,2054349,535624,87763490
2021-09-21,243481,68937729,288623,16242682,7750,2047455,539854,87227866
2021-09-20,155841,68694248,337798,15954059,8071,2039705,501710,86688012
2021-09-19,207685,68538407,105703,15616261,2453,2031634,315841,86186302
2021-09-18,261655,68330722,330734,15510558,3678,2029181,596067,85870461
2021-09-17,251516,68069067,363351,15179824,8647,2025503,623514,85274394
2021-09-16,323326,67817551,287576,14816473,9780,2016856,620682,84650880
2021-09-15,234124,67494225,302716,14528897,8128,2007076,544968,84030198
2021-09-14,286658,67260101,284814,14226181,10767,1998948,582239,83485230
2021-09-13,205160,66973443,332141,13941367,8933,1988181,546234,82902991
2021-09-12,235985,66768283,104359,13609226,3415,1979248,343759,82356757
2021-09-11,317048,66532298,314724,13504867,5554,1975833,637326,82012998
2021-09-10,338130,66215250,374097,13190143,7432,1970279,719659,81375672
2021-09-09,361998,65877120,292973,12816046,8631,1962847,663602,80656013
2021-09-08,251754,65515122,275444,12523073,8402,1954216,535600,79992411
2021-09-07,297422,65263368,274881,12247629,10086,1945814,582389,79456811
2021-09-06,189099,64965946,322643,11972748,9124,1935728,520866,78874422
2021-09-05,243892,64776847,88810,11650105,3484,1926604,336186,78353556
2021-09-04,316719,64532955,303752,11561295,4489,1923120,624960,78017370
2021-09-03,333505,64216236,343799,11257543,8870,1918631,686174,77392410
2021-09-02,331768,63882731,277952,10913744,8982,1909761,618702,76706236
2021-09-01,257023,63550963,270390,10635792,10051,1900779,537464,76087534
2021-08-31,292398,63293940,283817,10365402,12642,1890728,588857,75550070
2021-08-30,203432,63001542,265256,10081585,9030,1878086,477718,74961213
2021-08-29,255834,62798110,70271,9816329,3494,1869056,329599,74483495
2021-08-28,344156,62542276,253467,9746058,4589,1865562,602212,74153896
2021-08-27,298078,62198120,268588,9492591,8084,1860973,574750,73551684
2021-08-26,467620,61900042,210563,9224003,9177,1852889,687360,72976934
2021-08-25,26798,61432422,210693,9013440,9188,1843712,246679,72289574
2021-08-24,253396,61405624,221177,8802747,10892,1834524,485465,72042895
2021-08-23,210932,61152228,245720,8581570,8172,1823632,464824,71557430
2021-08-22,248261,60941296,67659,8335850,2896,1815460,318816,71092606
2021-08-21,294429,60693035,215524,8268191,4167,1812564,514120,70773790
2021-08-20,299027,60398606,249176,8052667,8801,1808397,557004,70259670
2021-08-19,316806,60099579,196045,7803491,15591,1799596,528442,69702666
2021-08-18,255935,59782773,193669,7607446,10134,1784005,459738,69174224
2021-08-17,271783,59526838,207208,7413777,8963,1773871,487954,68714486
2021-08-16,199407,59255055,184437,7206569,12218,1764908,396062,68226532
2021-08-15,227919,59055648,49500,7022132,1946,1752690,279365,67830470
2021-08-14,333017,58827729,189385,6972632,4094,1750744,526496,67551105
2021-08-13,330951,58494712,241717,6783247,10967,1746650,583635,67024609
2021-08-12,354194,58163761,191595,6541530,10538,1735683,556327,66440974
2021-08-11,324238,57809567,183563,6349935,24306,1725145,532107,65884647
2021-08-10,595567,57485329,193694,6166372,17057,1700839,806318,65352540
2021-08-09,177957,56889762,203738,5972678,15874,1683782,397569,64546222
2021-08-08,371997,56711805,64811,5768940,3026,1667908,439834,64148653
2021-08-07,446921,56339808,210960,5704129,28375,1664882,686256,63708819
2021-08-06,435033,55892887,265040,5493169,24769,1636507,724842,63022563
2021-08-05,445861,55457854,172316,5228129,12518,1611738,630695,62297721
2021-08-04,398528,55011993,146523,5055813,18395,1599220,563446,61667026
2021-08-03,436177,54613465,147646,4909290,13740,1580825,597563,61103580
2021-08-02,289982,54177288,141827,4761644,13050,1567085,444859,60506017
2021-08-01,441246,53887306,46890,4619817,3207,1554035,491343,60061158
2021-07-31,649598,53446060,154865,4572927,2674,1550828,807137,59569815
2021-07-30,508824,52796462,194029,4418062,57788,1548154,760641,58762678
2021-07-29,509937,52287638,165208,4224033,83533,1490366,758678,58002037
2021-07-28,582109,51777701,151920,4058825,12519,1406833,746548,57243359
2021-07-27,540904,51195592,160078,3906905,13174,1394314,714156,56496811
2021-07-26,378877,50654688,146245,3746827,15389,1381140,540511,55782655
2021-07-25,441494,50275811,47960,3600582,1577,1365751,491031,55242144
2021-07-24,523753,49834317,140764,3552622,2328,1364174,666845,54751113
2021-07-23,555213,49310564,184863,3411858,10721,1361846,750797,54084268
2021-07-22,968409,48755351,170751,3226995,8283,1351125,1147443,53333471
2021-07-21,220311,47786942,134444,3056244,8595,1342842,363350,52186028
2021-07-20,941204,47566631,131930,2921800,5109,1334247,1078243,51822678
2021-07-19,816733,46625427,116602,2789870,41754,1329138,975089,50744435
2021-07-18,83428,45808694,37262,2673268,13406,1287384,134096,49769346
2021-07-17,928625,45725266,111796,2636006,73142,1273978,1113563,49635250
2021-07-16,780,44796641,142427,2524210,31119,1200836,174326,48521687
2021-07-15,446856,44795861,116292,2381783,55365,1169717,618513,48347361
2021-07-14,488779,44349005,108980,2265491,78495,1114352,676254,47728848
2021-07-13,509105,43860226,106453,2156511,73405,1035857,688963,47052594
2021-07-12,352440,43351121,91486,2050058,93912,962452,537838,46363631
2021-07-11,956944,42998681,29567,1958572,427,868540,986938,45825793
2021-07-10,29,42041737,91585,1929005,855,868113,92469,44838855
2021-07-09,481979,42041708,121753,1837420,37134,867258,640866,44746386
2021-07-08,404120,41559729,100740,1715667,8860,830124,513720,44105520
2021-07-07,536023,41155609,91489,1614927,28385,821264,655897,43591800
2021-07-06,529239,40619586,95455,1523438,60868,792879,685562,42935903
2021-07-05,450711,40090347,87160,1427983,76047,732011,613918,42250341
2021-07-04,534527,39639636,28318,1340823,491,655964,563336,41636423
2021-07-03,600167,39105109,95345,1312505,112149,655473,807661,41073087
2021-07-02,1455444,38504942,130459,1217160,186675,543324,1772578,40265426
2021-07-01,588633,37049498,117261,1086701,24730,356649,730624,38492848
2021-06-30,1239035,36460865,128216,969440,112113,331919,1479364,37762224
2021-06-29,1548840,35221830,84292,841224,50774,219806,1683906,36282860
2021-06-28,0,33672990,92256,756932,1693,169032,93949,34598954
2021-06-27,6,33672990,33456,664676,231,167339,33693,34505005
2021-06-26,4053625,33672984,97782,631220,457,167108,4151864,34471312
2021-06-25,279535,29619359,175321,533438,104898,166651,559754,30319448
2021-06-24,1573062,29339824,74221,358117,509,61753,1647792,29759694
2021-06-23,5708076,27766762,88460,283896,295,61244,5796831,28111902
2021-06-22,5242739,22058686,65374,195436,321,60949,5308434,22315071
2021-06-21,6127694,16815947,125351,130062,60566,60628,6313611,17006637
2021-06-20,4882739,10688253,1226,4711,20,62,4883985,10693026
2021-06-19,3713880,5805514,3143,3485,30,42,3717053,5809041
2021-06-18,2017424,2091634,342,342,12,12,2017778,2091988
2021-06-17,74210,74210,0,0,0,0,74210,74210
