data,acquired_by_app_immuni,acquired_by_app_immuni_total,acquired_by_web_ts,acquired_by_web_ts_total,acquired_by_web_id,acquired_by_web_id_total,acquired_by_web_spid,acquired_by_web_spid_total,acquired_by_operator_ts,acquired_by_operator_ts_total,acquired_by_operator_id,acquired_by_operator_id_total,acquired_by_app_io,acquired_by_app_io_total,acquired_all,acquired_all_total
2022-06-15,5238,25065102,19587,95708798,231,1023690,21250,74574267,5537,18430193,5770,6802147,70576,235687306,128189,457291503
2022-06-14,4929,25059864,18066,95689211,274,1023459,21286,74553017,5214,18424656,6901,6796377,67631,235616730,124301,457163314
2022-06-13,5217,25054935,19758,95671145,310,1023185,25203,74531731,5660,18419442,5065,6789476,66420,235549099,127633,457039013
2022-06-12,3617,25049718,11024,95651387,186,1022875,4458,74506528,3319,18413782,2381,6784411,42498,235482679,67483,456911380
2022-06-11,4346,25046101,13561,95640363,440,1022689,17490,74502070,3854,18410463,6126,6782030,53738,235440181,99555,456843897
2022-06-10,4947,25041755,18073,95626802,733,1022249,22207,74484580,4993,18406609,8750,6775904,75836,235386443,135539,456744342
2022-06-09,5372,25036808,19079,95608729,680,1021516,21394,74462373,5284,18401616,7338,6767154,65833,235310607,124980,456608803
2022-06-08,5327,25031436,19473,95589650,613,1020836,22951,74440979,5331,18396332,7488,6759816,65932,235244774,127115,456483823
2022-06-07,5195,25026109,20134,95570177,550,1020223,22327,74418028,5427,18391001,7786,6752328,67516,235178842,128935,456356708
2022-06-06,5543,25020914,21323,95550043,648,1019673,26290,74395701,5930,18385574,7417,6744542,69500,235111326,136651,456227773
2022-06-05,3724,25015371,11657,95528720,504,1019025,4259,74369411,3198,18379644,4014,6737125,42403,235041826,69759,456091122
2022-06-04,4185,25011647,13273,95517063,650,1018521,16083,74365152,3425,18376446,7907,6733111,47624,234999423,93147,456021363
2022-06-03,4933,25007462,18034,95503790,688,1017871,24694,74349069,4743,18373021,8475,6725204,60032,234951799,121599,455928216
2022-06-02,4322,25002529,13193,95485756,499,1017183,4765,74324375,3681,18368278,4456,6716729,47013,234891767,77929,455806617
2022-06-01,5927,24998207,22737,95472563,672,1016684,25074,74319610,5917,18364597,7727,6712273,71551,234844754,139605,455728688
2022-05-31,6389,24992280,25398,95449826,768,1016012,26290,74294536,6515,18358680,8666,6704546,79063,234773203,153089,455589083
2022-05-30,6983,24985891,29611,95424428,1005,1015244,30599,74268246,7491,18352165,9113,6695880,80290,234694140,165092,455435994
2022-05-29,5406,24978908,17502,95394817,703,1014239,5180,74237647,4511,18344674,5123,6686767,53012,234613850,91437,455270902
2022-05-28,5908,24973502,19037,95377315,723,1013536,19050,74232467,4817,18340163,8289,6681644,59655,234560838,117479,455179465
2022-05-27,6618,24967594,25115,95358278,871,1012813,26667,74213417,6385,18335346,8928,6673355,77065,234501183,151649,455061986
2022-05-26,6862,24960976,27301,95333163,734,1011942,27505,74186750,6988,18328961,8575,6664427,80948,234424118,158913,454910337
2022-05-25,7662,24954114,29625,95305862,671,1011208,28308,74159245,7210,18321973,8436,6655852,97531,234343170,179443,454751424
2022-05-24,8052,24946452,32161,95276237,652,1010537,28582,74130937,6961,18314763,10392,6647416,86510,234245639,173310,454571981
2022-05-23,7857,24938400,31727,95244076,836,1009885,33656,74102355,7680,18307802,9075,6637024,87390,234159129,178221,454398671
2022-05-22,5292,24930543,16928,95212349,463,1009049,5533,74068699,4157,18300122,4557,6627949,52768,234071739,89698,454220450
2022-05-21,6236,24925251,20318,95195421,773,1008586,21667,74063166,4631,18295965,8917,6623392,64753,234018971,127295,454130752
2022-05-20,7807,24919015,28961,95175103,727,1007813,28289,74041499,6648,18291334,9944,6614475,83793,233954218,166169,454003457
2022-05-19,8175,24911208,31787,95146142,728,1007086,29791,74013210,7210,18284686,8909,6604531,89596,233870425,176196,453837288
2022-05-18,8564,24903033,32230,95114355,728,1006358,30266,73983419,7486,18277476,9804,6595622,93314,233780829,182392,453661092
2022-05-17,8747,24894469,33072,95082125,667,1005630,31536,73953153,7304,18269990,9461,6585818,95121,233687515,185908,453478700
2022-05-16,9530,24885722,38590,95049053,914,1004963,39110,73921617,8294,18262686,10862,6576357,105368,233592394,212668,453292792
2022-05-15,6594,24876192,20333,95010463,621,1004049,6500,73882507,4828,18254392,4905,6565495,64958,233487026,108739,453080124
2022-05-14,8475,24869598,25851,94990130,753,1003428,24288,73876007,5572,18249564,9658,6560590,81095,233422068,155692,452971385
2022-05-13,9342,24861123,35054,94964279,913,1002675,33577,73851719,7223,18243992,11773,6550932,102603,233340973,200485,452815693
2022-05-12,9569,24851781,35493,94929225,817,1001762,36508,73818142,7613,18236769,11481,6539159,110465,233238370,211946,452615208
2022-05-11,10508,24842212,39231,94893732,780,1000945,36093,73781634,8195,18229156,11718,6527678,117790,233127905,224315,452403262
2022-05-10,11209,24831704,40937,94854501,798,1000165,38025,73745541,8423,18220961,11604,6515960,122732,233010115,233728,452178947
2022-05-09,12148,24820495,45767,94813564,971,999367,45473,73707516,9926,18212538,11366,6504356,126481,232887383,252132,451945219
2022-05-08,9153,24808347,27599,94767797,523,998396,7718,73662043,5731,18202612,5124,6492990,78124,232760902,133972,451693087
2022-05-07,11626,24799194,34262,94740198,806,997873,28084,73654325,6873,18196881,9947,6487866,105517,232682778,197115,451559115
2022-05-06,13113,24787568,44798,94705936,1069,997067,39132,73626241,9197,18190008,13523,6477919,128023,232577261,248855,451362000
2022-05-05,11427,24774455,40457,94661138,963,995998,37982,73587109,8816,18180811,11663,6464396,123840,232449238,235148,451113145
2022-05-04,12593,24763028,45455,94620681,831,995035,41093,73549127,9488,18171995,12241,6452733,133192,232325398,254893,450877997
2022-05-03,13223,24750435,47207,94575226,981,994204,45825,73508034,9833,18162507,13860,6440492,152888,232192206,283817,450623104
2022-05-02,14759,24737212,53190,94528019,1038,993223,53567,73462209,11345,18152674,12688,6426632,167309,232039318,313896,450339287
2022-05-01,12200,24722453,33983,94474829,574,992185,8879,73408642,7015,18141329,6075,6413944,107075,231872009,175801,450025391
2022-04-30,19905,24710253,51951,94440846,1175,991611,52246,73399763,9720,18134314,14703,6407869,221980,231764934,371680,449849590
2022-04-29,22576,24690348,69441,94388895,1624,990436,81306,73347517,13747,18124594,19249,6393166,290305,231542954,498248,449477910
2022-04-28,24145,24667772,74918,94319454,1587,988812,86526,73266211,14943,18110847,18713,6373917,291239,231252649,512071,448979662
2022-04-27,24146,24643627,77286,94244536,1639,987225,92523,73179685,15272,18095904,21478,6355204,288324,230961410,520668,448467591
2022-04-26,28535,24619481,92940,94167250,2231,985586,121745,73087162,18741,18080632,18364,6333726,300186,230673086,582742,447946923
2022-04-25,18521,24590946,45207,94074310,885,983355,28960,72965417,9717,18061891,7849,6315362,183960,230372900,295099,447364181
2022-04-24,22623,24572425,50033,94029103,1039,982470,20771,72936457,9581,18052174,8946,6307513,220554,230188940,333547,447069082
2022-04-23,28606,24549802,70258,93979070,1668,981431,77598,72915686,13193,18042593,18647,6298567,280433,229968386,490403,446735535
2022-04-22,28590,24521196,81618,93908812,2157,979763,85145,72838088,16317,18029400,20941,6279920,311405,229687953,546173,446245132
2022-04-21,29696,24492606,89988,93827194,2035,977606,90401,72752943,17907,18013083,20668,6258979,316822,229376548,567517,445698959
2022-04-20,30238,24462910,89409,93737206,1954,975571,90270,72662542,18046,17995176,21194,6238311,327069,229059726,578180,445131442
2022-04-19,32908,24432672,103884,93647797,2154,973617,119701,72572272,21041,17977130,20567,6217117,382143,228732657,682398,444553262
2022-04-18,18726,24399764,39393,93543913,1005,971463,24062,72452571,8791,17956089,7876,6196550,248121,228350514,347974,443870864
2022-04-17,21441,24381038,40202,93504520,864,970458,106831,72428509,7539,17947298,7037,6188674,232794,228102393,416708,443522890
2022-04-16,30578,24359597,66450,93464318,1620,969594,152449,72321678,12589,17939759,17887,6181637,321680,227869599,603253,443106182
2022-04-15,31756,24329019,77940,93397868,2110,967974,89821,72169229,14847,17927170,20201,6163750,300741,227547919,537416,442502929
2022-04-14,31957,24297263,81077,93319928,1865,965864,156884,72079408,16415,17912323,19207,6143549,297110,227247178,604515,441965513
2022-04-13,33718,24265306,88193,93238851,1848,963999,168531,71922524,17603,17895908,19076,6124342,326464,226950068,655433,441360998
2022-04-12,32706,24231588,85558,93150658,1767,962151,161065,71753993,16639,17878305,20008,6105266,326661,226623604,644404,440705565
2022-04-11,36670,24198882,101618,93065100,2118,960384,193490,71592928,19718,17861666,18538,6085258,329245,226296943,701397,440061161
2022-04-10,32153,24162212,61942,92963482,884,958266,97592,71399438,11286,17841948,9427,6066720,233682,225967698,446966,439359764
2022-04-09,41111,24130059,79049,92901540,1591,957382,153561,71301846,14458,17830662,17633,6057293,318107,225734016,625510,438912798
2022-04-08,37472,24088948,87457,92822491,1960,955791,158100,71148285,16253,17816204,19979,6039660,346052,225415909,667273,438287288
2022-04-07,36703,24051476,86272,92735034,1818,953831,126871,70990185,16235,17799951,20089,6019681,327178,225069857,615166,437620015
2022-04-06,39441,24014773,93440,92648762,1815,952013,118340,70863314,17765,17783716,19944,5999592,343727,224742679,634472,437004849
2022-04-05,39455,23975332,90074,92555322,1992,950198,105995,70744974,16949,17765951,21007,5979648,338790,224398952,614262,436370377
2022-04-04,46526,23935877,111791,92465248,2193,948206,146343,70638979,20769,17749002,19685,5958641,362836,224060162,710143,435756115
2022-04-03,42623,23889351,67758,92353457,841,946013,47287,70492636,11899,17728233,9109,5938956,264206,223697326,443723,435045972
2022-04-02,55755,23846728,87181,92285699,1612,945172,103036,70445349,15036,17716334,17100,5929847,354957,223433120,634677,434602249
2022-04-01,57736,23790973,111795,92198518,2363,943560,113500,70342313,20114,17701298,21713,5912747,399046,223078163,726267,433967572
2022-03-31,74211,23733237,133992,92086723,2373,941197,102432,70228813,20724,17681184,24957,5891034,494277,222679117,852966,433241305
2022-03-30,35405,23659026,57023,91952731,1395,938824,74189,70126381,11001,17660460,9948,5866077,259914,222184840,448875,432388339
2022-03-29,76014,23623621,117930,91895708,2419,937429,154700,70052192,21327,17649459,25465,5856129,528925,221924926,926780,431939464
2022-03-28,94856,23547607,131534,91777778,2701,935010,171341,69897492,23156,17628132,22377,5830664,436965,221396001,882930,431012684
2022-03-27,91781,23452751,85060,91646244,1063,932309,47442,69726151,14109,17604976,9186,5808287,333597,220959036,582238,430129754
2022-03-26,135613,23360970,103478,91561184,1633,931246,108730,69678709,17120,17590867,19876,5799101,462813,220625439,849263,429547516
2022-03-25,139068,23225357,115655,91457706,2796,929613,134223,69569979,20154,17573747,23674,5779225,482724,220162626,918294,428698253
2022-03-24,149044,23086289,115875,91342051,2734,926817,138291,69435756,20320,17553593,23094,5755551,466724,219679902,916082,427779959
2022-03-23,137570,22937245,119071,91226176,2628,924083,148076,69297465,20451,17533273,24284,5732457,457450,219213178,909530,426863877
2022-03-22,37103,22799675,111158,91107105,2682,921455,131684,69149389,19140,17512822,24185,5708173,445100,218755728,771052,425954347
2022-03-21,33520,22762572,130102,90995947,2902,918773,171897,69017705,21853,17493682,21417,5683988,458534,218310628,840225,425183295
2022-03-20,29833,22729052,88595,90865845,1105,915871,47130,68845808,13874,17471829,10839,5662571,354950,217852094,546326,424343070
2022-03-19,33887,22699219,99699,90777250,1776,914766,103699,68798678,15938,17457955,19975,5651732,459903,217497144,734877,423796744
2022-03-18,32312,22665332,112952,90677551,3098,912990,127379,68694979,18596,17442017,23651,5631757,497499,217037241,815487,423061867
2022-03-17,33695,22633020,126666,90564599,2873,909892,132761,68567600,20804,17423421,23717,5608106,508731,216539742,849247,422246380
2022-03-16,37853,22599325,150661,90437933,3055,907019,247240,68434839,23568,17402617,23522,5584389,554323,216031011,1040222,421397133
2022-03-15,40931,22561472,176842,90287272,3150,903964,310905,68187599,27322,17379049,23543,5560867,549536,215476688,1132229,420356911
2022-03-14,63396,22520541,343904,90110430,3255,900814,257165,67876694,49038,17351727,21369,5537324,727228,214927152,1465355,419224682
2022-03-13,40090,22457145,128497,89766526,1208,897559,159774,67619529,22701,17302689,7617,5515955,483411,214199924,843298,417759327
2022-03-12,35900,22417055,98439,89638029,1887,896351,245778,67459755,15554,17279988,15411,5508338,490135,213716513,903104,416916029
2022-03-11,33380,22381155,106894,89539590,2986,894464,202258,67213977,18127,17264434,18798,5492927,497715,213226378,880158,416012925
2022-03-10,33066,22347775,109072,89432696,2804,891478,123588,67011719,18475,17246307,17335,5474129,484038,212728663,788378,415132767
2022-03-09,35433,22314709,119985,89323624,3080,888674,166769,66888131,20247,17227832,17694,5456794,481337,212244625,844545,414344389
2022-03-08,34451,22279276,115005,89203639,3076,885594,145085,66721362,18780,17207585,148441,5439100,462480,211763288,927318,413499844
2022-03-07,38245,22244825,140614,89088634,3502,882518,173368,66576277,22807,17188805,16156,5290659,472745,211300808,867437,412572526
2022-03-06,36113,22206580,98875,88948020,1136,879016,30510,66402909,14398,17165998,6560,5274503,385482,210828063,573074,411705089
2022-03-05,40550,22170467,114559,88849145,1910,877880,131666,66372399,16823,17151600,13125,5267943,513408,210442581,832041,411132015
2022-03-04,38871,22129917,127595,88734586,3296,875970,141408,66240733,19560,17134777,16491,5254818,528046,209929173,875267,410299974
2022-03-03,40001,22091046,135121,88606991,3256,872674,177409,66099325,22138,17115217,15467,5238327,522910,209401127,916302,409424707
2022-03-02,42676,22051045,147245,88471870,3483,869418,195874,65921916,23606,17093079,16455,5222860,549208,208878217,978547,408508405
2022-03-01,47237,22008369,161175,88324625,3357,865935,191188,65726042,24753,17069473,16553,5206405,535756,208329009,980019,407529858
2022-02-28,48773,21961132,181581,88163450,3780,862578,250176,65534854,27756,17044720,16572,5189852,524190,207793253,1052828,406549839
2022-02-27,40486,21912359,117694,87981869,1456,858798,48338,65284678,16143,17016964,7132,5173280,418663,207269063,649912,405497011
2022-02-26,51146,21871873,153213,87864175,2467,857342,158886,65236340,21774,17000821,15174,5166148,573319,206850400,975979,404847099
2022-02-25,42567,21820727,130243,87710962,3076,854875,190331,65077454,19720,16979047,16461,5150974,493396,206277081,895794,403871120
2022-02-24,44917,21778160,156285,87580719,3586,851799,218876,64887123,24956,16959327,17841,5134513,546250,205783685,1012711,402975326
2022-02-23,51840,21733243,186250,87424434,3858,848213,246369,64668247,28509,16934371,18186,5116672,614510,205237435,1149522,401962615
2022-02-22,52847,21681403,188403,87238184,3706,844355,230066,64421878,28419,16905862,19183,5098486,615593,204622925,1138217,400813093
2022-02-21,57900,21628556,223760,87049781,4366,840649,289062,64191812,29922,16877443,18563,5079303,599515,204007332,1223088,399674876
2022-02-20,58392,21570656,169863,86826021,1354,836283,93211,63902750,22161,16847521,8574,5060740,506164,203407817,859719,398451788
2022-02-19,66537,21512264,198543,86656158,2231,834929,201313,63809539,27184,16825360,16957,5052166,691295,202901653,1204060,397592069
2022-02-18,64337,21445727,221025,86457615,4053,832698,253643,63608226,32269,16798176,19769,5035209,699649,202210358,1294745,396388009
2022-02-17,65814,21381390,230920,86236590,3974,828645,265344,63354583,34227,16765907,20006,5015440,664820,201510709,1285105,395093264
2022-02-16,75065,21315576,266248,86005670,4245,824671,297067,63089239,40292,16731680,21283,4995434,705330,200845889,1409530,393808159
2022-02-15,79427,21240511,285932,85739422,3812,820426,247654,62792172,44024,16691388,21596,4974151,746701,200140559,1429146,392398629
2022-02-14,92653,21161084,365347,85453490,4310,816614,332496,62544518,53782,16647364,20443,4952555,809412,199393858,1678443,390969483
2022-02-13,95558,21068431,293619,85088143,1445,812304,68859,62212022,48073,16593582,10446,4932112,665264,198584446,1183264,389291040
2022-02-12,94680,20972873,278738,84794524,2260,810859,210930,62143163,39652,16545509,27298,4921666,910237,197919182,1563795,388107776
2022-02-11,94305,20878193,315463,84515786,4044,808599,282285,61932233,48140,16505857,31729,4894368,877651,197008945,1653617,386543981
2022-02-10,97453,20783888,339558,84200323,3863,804555,316142,61649948,52011,16457717,24802,4862639,855885,196131294,1689714,384890364
2022-02-09,109939,20686435,382711,83860765,4181,800692,344788,61333806,62061,16405706,26975,4837837,917153,195275409,1847808,383200650
2022-02-08,114938,20576496,403505,83478054,3861,796511,329990,60989018,68184,16343645,28082,4810862,971969,194358256,1920529,381352842
2022-02-07,124454,20461558,502697,83074549,4410,792650,445787,60659028,79358,16275461,24463,4782780,1030326,193386287,2211495,379432313
2022-02-06,127839,20337104,418924,82571852,1244,788240,76917,60213241,54230,16196103,14516,4758317,789461,192355961,1483131,377220818
2022-02-05,140678,20209265,454680,82152928,2249,786996,279017,60136324,66158,16141873,27534,4743801,1042587,191566500,2012903,375737687
2022-02-04,143015,20068587,518743,81698248,3985,784747,396223,59857307,76746,16075715,32494,4716267,1127765,190523913,2298971,373724784
2022-02-03,166001,19925572,594823,81179505,3843,780762,431541,59461084,91172,15998969,32337,4683773,1180930,189396148,2500647,371425813
2022-02-02,187794,19759571,676031,80584682,3988,776919,511734,59029543,99218,15907797,35554,4651436,1238114,188215218,2752433,368925166
2022-02-01,225529,19571777,750063,79908651,3636,772931,567207,58517809,122937,15808579,37401,4615882,1405266,186977104,3112039,366172733
2022-01-31,152783,19346248,677719,79158588,3576,769295,467815,57950602,108765,15685642,37101,4578481,1052853,185571838,2500612,363060694
2022-01-30,140001,19193465,504301,78480869,1348,765719,73188,57482787,68413,15576877,25630,4541380,845914,184518985,1658795,360560082
2022-01-29,147298,19053464,534259,77976568,1930,764371,259137,57409599,81497,15508464,45273,4515750,1087518,183673071,2156912,358901287
2022-01-28,123457,18906166,490453,77442309,3445,762441,330445,57150462,80140,15426967,52873,4470477,1026735,182585553,2107548,356744375
2022-01-27,144182,18782709,569776,76951856,3326,758996,343239,56820017,90482,15346827,55867,4417604,1042313,181558818,2249185,354636827
2022-01-26,149568,18638527,585718,76382080,3222,755670,373136,56476778,94773,15256345,56611,4361737,1098474,180516505,2361502,352387642
2022-01-25,138362,18488959,558179,75796362,3195,752448,359068,56103642,89067,15161572,58482,4305126,1074222,179418031,2280575,350026140
2022-01-24,157737,18350597,690420,75238183,3637,749253,498798,55744574,108280,15072505,46343,4246644,1137042,178343809,2642257,347745565
2022-01-23,154740,18192860,530048,74547763,1254,745616,81723,55245776,79328,14964225,36296,4200301,958722,177206767,1842111,345103308
2022-01-22,158288,18038120,568818,74017715,2039,744362,300650,55164053,89631,14884897,55035,4164005,1216874,176248045,2391335,343261197
2022-01-21,165899,17879832,654488,73448897,3354,742323,393642,54863403,107940,14795266,67308,4108970,1274942,175031171,2667573,340869862
2022-01-20,163757,17713933,646704,72794409,3280,738969,389413,54469761,107372,14687326,67781,4041662,1212309,173756229,2590616,338202289
2022-01-19,164536,17550176,659907,72147705,3292,735689,409655,54080348,110795,14579954,80511,3973881,1221638,172543920,2650334,335611673
2022-01-18,158171,17385640,637726,71487798,3120,732397,382528,53670693,110459,14469159,71648,3893370,1198788,171322282,2562440,332961339
2022-01-17,164941,17227469,705914,70850072,3642,729277,515481,53288165,125021,14358700,66888,3821722,1215473,170123494,2797360,330398899
2022-01-16,156775,17062528,550347,70144158,1561,725635,89024,52772684,88121,14233679,47535,3754834,977866,168908021,1911229,327601539
2022-01-15,146549,16905753,515083,69593811,2158,724074,287175,52683660,96655,14145558,80637,3707299,1213282,167930155,2341539,325690310
2022-01-14,155677,16759204,606385,69078728,3447,721916,375634,52396485,115117,14048903,95648,3626662,1272778,166716873,2624686,323348771
2022-01-13,155398,16603527,621360,68472343,3411,718469,378624,52020851,116294,13933786,116024,3531014,1241459,165444095,2632570,320724085
2022-01-12,158589,16448129,625592,67850983,3564,715058,428724,51642227,117418,13817492,104577,3414990,1270116,164202636,2708580,318091515
2022-01-11,151259,16289540,603377,67225391,3269,711494,410447,51213503,119994,13700074,106423,3310413,1290856,162932520,2685625,315382935
2022-01-10,159553,16138281,701362,66622014,4032,708225,563873,50803056,126968,13580080,83241,3203990,1341511,161641664,2980540,312697310
2022-01-09,140474,15978728,523662,65920652,1840,704193,103980,50239183,87672,13453112,68523,3120749,935903,160300153,1862054,309716770
2022-01-08,135305,15838254,495419,65396990,3570,702353,319222,50135203,93473,13365440,16040,3052226,1131211,159364250,2194240,307854716
2022-01-07,129716,15702949,532606,64901571,5025,698783,467898,49815981,96369,13271967,20440,3036186,1124336,158233039,2376390,305660476
2022-01-06,135437,15573233,464496,64368965,2370,693758,78144,49348083,81940,13175598,7417,3015746,993310,157108703,1763114,303284086
2022-01-05,130035,15437796,499035,63904469,4762,691388,381665,49269939,98515,13093658,19924,3008329,1130247,156115393,2264183,301520972
2022-01-04,124762,15307761,492511,63405434,4563,686626,358925,48888274,93451,12995143,17594,2988405,1110588,154985146,2202394,299256789
2022-01-03,114429,15182999,498100,62912923,5599,682063,493174,48529349,88994,12901692,24012,2970811,1050532,153874558,2274840,297054395
2022-01-02,78638,15068570,294020,62414823,3415,676464,103836,48036175,48690,12812698,12650,2946799,758610,152824026,1299859,294779555
2022-01-01,80400,14989932,278512,62120803,2419,673049,36482,47932339,44940,12764008,7544,2934149,635755,152065416,1086052,293479696
2021-12-31,108974,14909532,422924,61842291,4349,670630,402601,47895857,76763,12719068,23386,2926605,968970,151429661,2007967,292393644
2021-12-30,150263,14800558,615828,61419367,4602,666281,464690,47493256,114101,12642305,137251,2903219,1368709,150460691,2855444,290385677
2021-12-29,133570,14650295,531820,60803539,5405,661679,449874,47028566,97580,12528204,82791,2765968,1118349,149091982,2419389,287530233
2021-12-28,116119,14516725,451407,60271719,4805,656274,413280,46578692,87218,12430624,238888,2683177,1049283,147973633,2361000,285110844
2021-12-27,100216,14400606,417939,59820312,6107,651469,526284,46165412,72942,12343406,92776,2444289,943601,146924350,2159865,282749844
2021-12-26,77438,14300390,259222,59402373,2268,645362,86526,45639128,41076,12270464,8472,2351513,629543,145980749,1104545,280589979
2021-12-25,85229,14222952,237198,59143151,1357,643094,30508,45552602,35737,12229388,3511,2343041,524227,145351206,917767,279485434
2021-12-24,102015,14137723,374108,58905953,3350,641737,429377,45522094,64979,12193651,17665,2339530,825414,144826979,1816908,278567667
2021-12-23,102169,14035708,413643,58531845,4587,638387,418622,45092717,75336,12128672,142609,2321865,969539,144001565,2126505,276750759
2021-12-22,106628,13933539,452090,58118202,5282,633800,472698,44674095,76275,12053336,26983,2179256,925791,143032026,2065747,274624254
2021-12-21,92955,13826911,391244,57666112,4978,628518,411768,44201397,70898,11977061,16954,2152273,870454,142106235,1859251,272558507
2021-12-20,109130,13733956,502229,57274868,5955,623540,560285,43789629,76639,11906163,20741,2135319,865499,141235781,2140478,270699256
2021-12-19,104617,13624826,373566,56772639,2412,617585,118539,43229344,59122,11829524,7805,2114578,737817,140370282,1403878,268558778
2021-12-18,103113,13520209,370144,56399073,4005,615173,341700,43110805,62672,11770402,16785,2106773,870252,139632465,1768671,267154900
2021-12-17,100298,13417096,412495,56028929,5691,611168,418738,42769105,69845,11707730,17753,2089988,910427,138762213,1935247,265386229
2021-12-16,101614,13316798,428923,55616434,5451,605477,403690,42350367,76817,11637885,15828,2072235,899672,137851786,1931995,263450982
2021-12-15,108871,13215184,459743,55187511,5458,600026,461314,41946677,86948,11561068,16439,2056407,980405,136952114,2119178,261518987
2021-12-14,97341,13106313,428579,54727768,5093,594568,383305,41485363,78226,11474120,13991,2039968,869354,135971709,1875889,259399809
2021-12-13,88586,13008972,387441,54299189,4723,589475,553353,41102058,71915,11395894,18478,2025977,857434,135102355,1981930,257523920
2021-12-12,94575,12920386,344077,53911748,2538,584752,112822,40548705,56264,11323979,7142,2007499,717042,134244921,1334460,255541990
2021-12-11,96584,12825811,349404,53567671,4120,582214,326975,40435883,62557,11267715,16257,2000357,869119,133527879,1725016,254207530
2021-12-10,95506,12729227,387847,53218267,4762,578094,351699,40108908,69121,11205158,15393,1984100,892697,132658760,1817025,252482514
2021-12-09,115471,12633721,486938,52830420,5793,573332,505939,39757209,78738,11136037,19120,1968707,884510,131766063,2096509,250665489
2021-12-08,93960,12518250,342783,52343482,2317,567539,117082,39251270,65648,11057299,7232,1949587,740602,130881553,1369624,248568980
2021-12-07,96084,12424290,389874,52000699,4872,565222,409637,39134188,78532,10991651,15835,1942355,998686,130140951,1993520,247199356
2021-12-06,153208,12328206,650080,51610825,5763,560350,574785,38724551,132274,10913119,20176,1926520,1487397,129142265,3023683,245205836
2021-12-05,87970,12174998,294278,50960745,2468,554587,122506,38149766,86478,10780845,7583,1906344,891540,127654868,1492823,242182153
2021-12-04,73133,12087028,282253,50666467,3712,552119,376950,38027260,57537,10694367,18106,1898761,855153,126763328,1666844,240689330
2021-12-03,87283,12013895,374592,50384214,5016,548407,403747,37650310,75247,10636830,16721,1880655,913997,125908175,1876603,239022486
2021-12-02,80412,11926612,353447,50009622,4304,543391,336453,37246563,74419,10561583,13443,1863934,869103,124994178,1731581,237145883
2021-12-01,79887,11846200,331752,49656175,4734,539087,403219,36910110,68785,10487164,15493,1850491,871921,124125075,1775791,235414302
2021-11-30,68056,11766313,297907,49324423,4353,534353,317590,36506891,62659,10418379,12864,1834998,807817,123253154,1571246,233638511
2021-11-29,75420,11698257,351243,49026516,5276,530000,456415,36189301,66006,10355720,18258,1822134,798339,122445337,1770957,232067265
2021-11-28,68106,11622837,250573,48675273,2015,524724,99787,35732886,46552,10289714,6438,1803876,637560,121646998,1111031,230296308
2021-11-27,74559,11554731,274722,48424700,3526,522709,326281,35633099,51992,10243162,16951,1797438,775541,121009438,1523572,229185277
2021-11-26,72636,11480172,305491,48149978,4916,519183,349249,35306818,59063,10191170,16852,1780487,831931,120233897,1640138,227661705
2021-11-25,68311,11407536,293435,47844487,4169,514267,308317,34957569,59893,10132107,14102,1763635,861544,119401966,1609771,226021567
2021-11-24,69711,11339225,294275,47551052,4856,510098,375513,34649252,58843,10072214,14604,1749533,831783,118540422,1649585,224411796
2021-11-23,57110,11269514,241356,47256777,4002,505242,294453,34273739,45765,10013371,12360,1734929,713149,117708639,1368195,222762211
2021-11-22,67159,11212404,303731,47015421,5263,501240,447873,33979286,51374,9967606,21564,1722569,730075,116995490,1627039,221394016
2021-11-21,54064,11145245,198472,46711690,2186,495977,104049,33531413,31035,9916232,8325,1701005,584909,116265415,983040,219766977
2021-11-20,62777,11091181,231464,46513218,3670,493791,332432,33427364,37403,9885197,23144,1692680,721170,115680506,1412060,218783937
2021-11-19,61955,11028404,256633,46281754,5209,490121,352089,33094932,43054,9847794,23890,1669536,774292,114959336,1517122,217371877
2021-11-18,54231,10966449,236579,46025121,4642,484912,324014,32742843,39968,9804740,20978,1645646,727283,114185044,1407695,215854755
2021-11-17,59859,10912218,257712,45788542,5110,480270,364506,32418829,44600,9764772,17511,1624668,717643,113457761,1466941,214447060
2021-11-16,53181,10852359,224195,45530830,4526,475160,292587,32054323,38567,9720172,18958,1607157,696926,112740118,1328940,212980119
2021-11-15,63519,10799178,280771,45306635,5692,470634,457736,31761736,46265,9681605,28202,1588199,728724,112043192,1610909,211651179
2021-11-14,51251,10735659,180832,45025864,2079,464942,102055,31304000,28783,9635340,8363,1559997,571629,111314468,944992,210040270
2021-11-13,62182,10684408,226771,44845032,3593,462863,318532,31201945,35372,9606557,23130,1551634,708251,110742839,1377831,209095278
2021-11-12,57552,10622226,234620,44618261,5294,459270,337045,30883413,36841,9571185,24453,1528504,740774,110034588,1436579,207717447
2021-11-11,52134,10564674,222592,44383641,4843,453976,298294,30546368,37295,9534344,20519,1504051,725380,109293814,1361057,206280868
2021-11-10,60727,10512540,254996,44161049,5751,449133,381034,30248074,42035,9497049,23297,1483532,773156,108568434,1540996,204919811
2021-11-09,51890,10451813,213874,43906053,4925,443382,289087,29867040,37378,9455014,19506,1460235,712774,107795278,1329434,203378815
2021-11-08,63367,10399923,274962,43692179,6529,438457,457030,29577953,42586,9417636,28810,1440729,740219,107082504,1613503,202049381
2021-11-07,50014,10336556,168390,43417217,2400,431928,105216,29120923,26920,9375050,9526,1411919,541163,106342285,903629,200435878
2021-11-06,62163,10286542,218822,43248827,4150,429528,323910,29015707,35345,9348130,24925,1402393,709787,105801122,1379102,199532249
2021-11-05,54735,10224379,219100,43030005,5783,425378,305146,28691797,36493,9312785,25490,1377468,768180,105091335,1414927,198153147
2021-11-04,59679,10169644,241256,42810905,6097,419595,355850,28386651,40119,9276292,25987,1351978,770756,104323155,1499744,196738220
2021-11-03,55750,10109965,230484,42569649,5447,413498,322012,28030801,39399,9236173,22520,1325991,757076,103552399,1432688,195238476
2021-11-02,70143,10054215,292155,42339165,6642,408051,474524,27708789,49307,9196774,31190,1303471,782416,102795323,1706377,193805788
2021-11-01,48171,9984072,160659,42047010,2767,401409,131386,27234265,29086,9147467,11888,1272281,525918,102012907,909875,192099411
2021-10-31,53607,9935901,159417,41886351,2627,398642,95986,27102879,26182,9118381,10338,1260393,635871,101486989,984028,191189536
2021-10-30,65485,9882294,221484,41726934,4992,396015,346927,27006893,35793,9092199,29068,1250055,732972,100851118,1436721,190205508
2021-10-29,54485,9816809,206755,41505450,6890,391023,335045,26659966,35196,9056406,27894,1220987,778190,100118146,1444455,188768787
2021-10-28,59062,9762324,230092,41298695,6305,384133,326722,26324921,40704,9021210,25799,1193093,808175,99339956,1496859,187324332
2021-10-27,70328,9703262,275545,41068603,7318,377828,430395,25998199,48085,8980506,29333,1167294,886217,98531781,1747221,185827473
2021-10-26,63160,9632934,238242,40793058,6441,370510,320066,25567804,42726,8932421,24835,1137961,844990,97645564,1540460,184080252
2021-10-25,79377,9569774,319468,40554816,8128,364069,529221,25247738,53545,8889695,36480,1113126,890255,96800574,1916474,182539792
2021-10-24,61279,9490397,194159,40235348,3207,355941,117035,24718517,31343,8836150,11104,1076646,609996,95910319,1028123,180623318
2021-10-23,72779,9429118,240473,40041189,5247,352734,356294,24601482,39842,8804807,27316,1065542,813958,95300323,1555909,179595195
2021-10-22,73223,9356339,257878,39800716,7447,347487,395829,24245188,48093,8764965,31497,1038226,931468,94486365,1745435,178039286
2021-10-21,69047,9283116,260861,39542838,7339,340040,361689,23849359,47113,8716872,28066,1006729,938400,93554897,1712515,176293851
2021-10-20,83087,9214069,321508,39281977,8018,332701,475265,23487670,56673,8669759,30396,978663,1029252,92616497,2004199,174581336
2021-10-19,75419,9130982,287856,38960469,7091,324683,377614,23012405,53498,8613086,24312,948267,1012284,91587245,1838074,172577137
2021-10-18,97594,9055563,391795,38672613,8887,317592,596222,22634791,69450,8559588,34340,923955,1150258,90574961,2348546,170739063
2021-10-17,77726,8957969,237616,38280818,3184,308705,131667,22038569,40686,8490138,10096,889615,755176,89424703,1256151,168390517
2021-10-16,90045,8880243,282349,38043202,5602,305521,387524,21906902,49778,8449452,24960,879519,1013634,88669527,1853892,167134366
2021-10-15,128592,8790198,453189,37760853,9032,299919,514654,21519378,87554,8399674,29108,854559,1628749,87655893,2850878,165280474
2021-10-14,110932,8661606,421624,37307664,6982,290887,497913,21004724,93195,8312120,23649,825451,1208497,86027144,2362792,162429596
2021-10-13,68795,8550674,262173,36886040,5174,283905,279735,20506811,62033,8218925,14419,801802,871791,84818647,1564120,160066804
2021-10-12,54895,8481879,210268,36623867,4386,278731,206686,20227076,50624,8156892,12175,787383,740248,83946856,1279282,158502684
2021-10-11,50495,8426984,198077,36413599,4584,274345,242901,20020390,46815,8106268,15849,775208,655201,83206608,1213922,157223402
2021-10-10,55039,8376489,158898,36215522,1827,269761,43597,19777489,29585,8059453,5256,759359,594702,82551407,888904,156009480
2021-10-09,62957,8321450,201625,36056624,3994,267934,221235,19733892,35847,8029868,17126,754103,735510,81956705,1278294,155120576
2021-10-08,51454,8258493,195224,35854999,5187,263940,228769,19512657,40634,7994021,17739,736977,689903,81221195,1228910,153842282
2021-10-07,46034,8207039,175068,35659775,4408,258753,177366,19283888,37724,7953387,12795,719238,623502,80531292,1076897,152613372
2021-10-06,49897,8161005,195462,35484707,4130,254345,184574,19106522,41902,7915663,12201,706443,642552,79907790,1130718,151536475
2021-10-05,45195,8111108,163525,35289245,4133,250215,167139,18921948,37539,7873761,11093,694242,588577,79265238,1017201,150405757
2021-10-04,45282,8065913,169690,35125720,4496,246082,209559,18754809,39521,7836222,14709,683149,609596,78676661,1092853,149388556
2021-10-03,51808,8020631,147429,34956030,1915,241586,41584,18545250,26529,7796701,4883,668440,550579,78067065,824727,148295703
2021-10-02,60366,7968823,195535,34808601,3970,239671,211284,18503666,32647,7770172,16929,663557,682926,77516486,1203657,147470976
2021-10-01,54088,7908457,197974,34613066,5325,235701,228867,18292382,37896,7737525,17285,646628,676236,76833560,1217671,146267319
2021-09-30,46505,7854369,166683,34415092,4965,230376,179917,18063515,35857,7699629,13561,629343,627955,76157324,1075443,145049648
2021-09-29,49818,7807864,185981,34248409,4861,225411,192997,17883598,40730,7663772,12920,615782,634870,75529369,1122177,143974205
2021-09-28,50509,7758046,185380,34062428,4774,220550,180052,17690601,40518,7623042,11427,602862,639878,74894499,1112538,142852028
2021-09-27,54092,7707537,209730,33877048,5279,215776,232413,17510549,45525,7582524,15874,591435,649533,74254621,1212446,141739490
2021-09-26,58793,7653445,167186,33667318,2283,210497,43347,17278136,30519,7536999,5326,575561,588928,73605088,896382,140527044
2021-09-25,67855,7594652,214438,33500132,4392,208214,216154,17234789,35268,7506480,17316,570235,733852,73016160,1289275,139630662
2021-09-24,58800,7526797,212579,33285694,5959,203822,243706,17018635,41089,7471212,17905,552919,714840,72282308,1294878,138341387
2021-09-23,59122,7467997,211561,33073115,5410,197863,203989,16774929,43604,7430123,13385,535014,713737,71567468,1250808,137046509
2021-09-22,60576,7408875,217175,32861554,3268,192453,214598,16570940,46783,7386519,13114,521629,725008,70853731,1280522,135795701
2021-09-21,55585,7348299,194822,32644379,4395,189185,197874,16356342,42041,7339736,11200,508515,689257,70128723,1195174,134515179
2021-09-20,56425,7292714,216285,32449557,5032,184790,255324,16158468,42644,7297695,15469,497315,691804,69439466,1282983,133320005
2021-09-19,67545,7236289,197607,32233272,2295,179758,47098,15903144,30050,7255051,4826,481846,621980,68747662,971401,132037022
2021-09-18,76160,7168744,243962,32035665,4246,177463,221938,15856046,36559,7225001,16306,477020,782557,68125682,1381728,131065621
2021-09-17,72572,7092584,257106,31791703,5573,173217,246418,15634108,42343,7188442,15911,460714,793865,67343125,1433788,129683893
2021-09-16,65304,7020012,226480,31534597,4817,167644,197332,15387690,40470,7146099,12288,444803,728749,66549260,1275440,128250105
2021-09-15,63620,6954708,219107,31308117,4397,162827,204075,15190358,38905,7105629,11495,432515,686323,65820511,1227922,126974665
2021-09-14,65348,6891088,223904,31089010,4324,158430,202753,14986283,38228,7066724,10619,421020,668938,65134188,1214114,125746743
2021-09-13,68114,6825740,243091,30865106,4583,154106,254275,14783530,43762,7028496,14068,410401,694078,64465250,1321971,124532629
2021-09-12,75132,6757626,220369,30622015,2241,149523,43710,14529255,32867,6984734,5016,396333,617101,63771172,996436,123210658
2021-09-11,79134,6682494,250148,30401646,4508,147282,199819,14485545,37714,6951867,16305,391317,749055,63154071,1336683,122214222
2021-09-10,73741,6603360,249902,30151498,5847,142774,225031,14285726,41860,6914153,17433,375012,720547,62405016,1334361,120877539
2021-09-09,64497,6529619,219809,29901596,4417,136927,189163,14060695,39513,6872293,14356,357579,692284,61684469,1224039,119543178
2021-09-08,62863,6465122,218516,29681787,3357,132510,191400,13871532,39362,6832780,11979,343223,688827,60992185,1216304,118319139
2021-09-07,64919,6402259,227309,29463271,4236,129153,190486,13680132,40453,6793418,10312,331244,707968,60303358,1245683,117102835
2021-09-06,64901,6337340,240920,29235962,4879,124917,240781,13489646,42973,6752965,13394,320932,701571,59595390,1309419,115857152
2021-09-05,69103,6272439,205510,28995042,1998,120038,38827,13248865,32302,6709992,4414,307538,634145,58893819,986299,114547733
2021-09-04,81493,6203336,262757,28789532,4294,118040,195061,13210038,40653,6677690,14338,303124,807372,58259674,1405968,113561434
2021-09-03,75461,6121843,268243,28526775,5651,113746,237553,13014977,46657,6637037,15318,288786,799007,57452302,1447890,112155466
2021-09-02,71786,6046382,256484,28258532,4793,108095,221810,12777424,51173,6590380,11362,273468,784300,56653295,1401708,110707576
2021-09-01,79179,5974596,283728,28002048,4317,103302,228686,12555614,54686,6539207,10940,262106,847766,55868995,1509302,109305868
2021-08-31,74760,5895417,267085,27718320,3962,98985,203766,12326928,52105,6484521,8356,251166,720316,55021229,1330350,107796566
2021-08-30,64462,5820657,237632,27451235,3705,95023,204475,12123162,43705,6432416,10029,242810,627577,54300913,1191585,106466216
2021-08-29,65434,5756195,195558,27213603,1434,91318,28286,11918687,31342,6388711,2723,232781,599165,53673336,923942,105274631
2021-08-28,73962,5690761,234417,27018045,3124,89884,151040,11890401,38600,6357369,11099,230058,756769,53074171,1269011,104350689
2021-08-27,70296,5616799,242837,26783628,4005,86760,188236,11739361,41716,6318769,12833,218959,696886,52317402,1256809,103081678
2021-08-26,67125,5546503,222793,26540791,3519,82755,160766,11551125,42316,6277053,9386,206126,665768,51620516,1171673,101824869
2021-08-25,53599,5479378,191808,26317998,3316,79236,162618,11390359,35542,6234737,7732,196740,618695,50954748,1073310,100653196
2021-08-24,65264,5425779,224570,26126190,3521,75920,167793,11227741,39410,6199195,7801,189008,654069,50336053,1162428,99579886
2021-08-23,64082,5360515,232883,25901620,3703,72399,192962,11059948,39501,6159785,9215,181207,647733,49681984,1190079,98417458
2021-08-22,59216,5296433,181517,25668737,1565,68696,26789,10866986,28551,6120284,2741,171992,554985,49034251,855364,97227379
2021-08-21,67936,5237217,217767,25487220,3220,67131,136979,10840197,33692,6091733,10325,169251,666750,48479266,1136669,96372015
2021-08-20,68568,5169281,235267,25269453,4624,63911,186662,10703218,39521,6058041,12215,158926,691903,47812516,1238760,95235346
2021-08-19,66407,5100713,228735,25034186,3911,59287,189812,10516556,39024,6018520,10427,146711,689320,47120613,1227636,93996586
2021-08-18,71581,5034306,246512,24805451,3531,55376,184708,10326744,42276,5979496,7821,136284,727247,46431293,1283676,92768950
2021-08-17,72551,4962725,253499,24558939,3765,51845,196635,10142036,43967,5937220,7441,128463,709138,45704046,1286996,91485274
2021-08-16,68961,4890174,246774,24305440,3409,48080,184043,9945401,42811,5893253,8235,121022,671855,44994908,1226088,90198278
2021-08-15,61415,4821213,193298,24058666,810,44671,20578,9761358,31664,5850442,1774,112787,569057,44323053,878596,88972190
2021-08-14,80309,4759798,262374,23865368,2587,43861,173023,9740780,43877,5818778,9501,111013,736936,43753996,1308607,88093594
2021-08-13,86099,4679489,307271,23602994,3751,41274,265932,9567757,55450,5774901,11045,101512,818015,43017060,1547563,86784987
2021-08-12,89316,4593390,324904,23295723,3273,37523,273591,9301825,59968,5719451,8229,90467,821926,42199045,1581207,85237424
2021-08-11,100604,4504074,377148,22970819,2710,34250,307858,9028234,67754,5659483,6655,82238,877276,41377119,1740005,83656217
2021-08-10,112538,4403470,422718,22593671,2456,31540,360321,8720376,77624,5591729,6031,75583,940982,40499843,1922670,81916212
2021-08-09,123431,4290932,498768,22170953,2294,29084,476879,8360055,89962,5514105,6438,69552,976094,39558861,2173866,79993542
2021-08-08,141925,4167501,494430,21672185,1220,26790,61785,7883176,82727,5424143,2341,63114,1002643,38582767,1787071,77819676
2021-08-07,197536,4025576,712360,21177755,2700,25570,438154,7821391,124948,5341416,6601,60773,1426105,37580124,2908404,76032605
2021-08-06,250648,3828040,1025102,20465395,2497,22870,695941,7383237,199358,5216468,6685,54172,1815153,36154019,3995384,73124201
2021-08-05,158056,3577392,724064,19440293,1752,20373,482302,6687296,151302,5017110,3876,47487,1096538,34338866,2617890,69128817
2021-08-04,109090,3419336,524362,18716229,1177,18621,380188,6204994,110636,4865808,3108,43611,868854,33242328,1997415,66510927
2021-08-03,101541,3310246,480369,18191867,858,17444,348258,5824806,98646,4755172,2278,40503,809522,32373474,1841472,64513512
2021-08-02,79539,3208705,418333,17711498,1068,16586,352657,5476548,84244,4656526,2562,38225,644888,31563952,1583291,62672040
2021-08-01,77927,3129166,337228,17293165,688,15518,27614,5123891,66501,4572282,817,35663,577003,30919064,1087778,61088749
2021-07-31,77300,3051239,323728,16955937,1133,14830,194757,5096277,72421,4505781,2826,34846,662352,30342061,1334517,60000971
2021-07-30,72518,2973939,357651,16632209,1187,13697,345172,4901520,93957,4433360,3330,32020,726093,29679709,1599908,58666454
2021-07-29,73324,2901421,377693,16274558,980,12510,374864,4556348,106472,4339403,2346,28690,787832,28953616,1723511,57066546
2021-07-28,76582,2828097,392404,15896865,774,11530,422994,4181484,116040,4232931,1823,26344,809399,28165784,1820016,55343035
2021-07-27,86589,2751515,464721,15504461,741,10756,488731,3758490,131124,4116891,1664,24521,904629,27356385,2078199,53523019
2021-07-26,97911,2664926,571754,15039740,862,10015,552500,3269759,151797,3985767,1941,22857,944337,26451756,2321102,51444820
2021-07-25,90818,2567015,425365,14467986,284,9153,38798,2717259,111566,3833970,565,20916,814267,25507419,1481663,49123718
2021-07-24,111580,2476197,507599,14042621,773,8869,298822,2678461,133956,3722404,1949,20351,998279,24693152,2052958,47642055
2021-07-23,150094,2364617,761182,13535022,929,8096,480986,2379639,220808,3588448,2250,18402,1429170,23694873,3045419,45589097
2021-07-22,133363,2214523,633038,12773840,653,7167,291215,1898653,171301,3367640,1502,16152,1274508,22265703,2505580,42543678
2021-07-21,88591,2081160,491108,12140802,500,6514,221031,1607438,135498,3196339,1018,14650,921459,20991195,1859205,40038098
2021-07-20,71558,1992569,416713,11649694,408,6014,210257,1386407,116145,3060841,1030,13632,799302,20069736,1615413,38178893
2021-07-19,87700,1921011,500581,11232981,413,5606,207909,1176150,129489,2944696,1248,12602,843168,19270434,1770508,36563480
2021-07-18,79516,1833311,385457,10732400,281,5193,13787,968241,101068,2815207,311,11354,710430,18427266,1290850,34792972
2021-07-17,71750,1753795,330428,10346943,507,4912,78685,954454,95845,2714139,1405,11043,786581,17716836,1365201,33502122
2021-07-16,50894,1682045,307226,10016515,606,4405,122855,875769,86566,2618294,1571,9638,606648,16930255,1176366,32136921
2021-07-15,61505,1631151,353918,9709289,420,3799,113379,752914,95627,2531728,1166,8067,669254,16323607,1295269,30960555
2021-07-14,62491,1569646,366277,9355371,271,3379,85620,639535,96233,2436101,768,6901,651508,15654353,1263168,29665286
2021-07-13,48294,1507155,290132,8989094,262,3108,56930,553915,75310,2339868,639,6133,507903,15002845,979470,28402118
2021-07-12,39597,1458861,261697,8698962,301,2846,51002,496985,56745,2264558,773,5494,389992,14494942,800107,27422648
2021-07-11,26866,1419264,122845,8437265,148,2545,3581,445983,35636,2207813,183,4721,357095,14104950,546354,26622541
2021-07-10,21867,1392398,123564,8314420,376,2397,27192,442402,32349,2172177,791,4538,319985,13747855,526124,26076187
2021-07-09,34731,1370531,210597,8190856,332,2021,50292,415210,50651,2139828,807,3747,425402,13427870,772812,25550063
2021-07-08,26060,1335800,184364,7980259,233,1689,46485,364918,50510,2089177,591,2940,371755,13002468,679998,24777251
2021-07-07,33740,1309740,221303,7795895,156,1456,46700,318433,56860,2038667,426,2349,411127,12630713,770312,24097253
2021-07-06,34279,1276000,228429,7574592,168,1300,47975,271733,66157,1981807,371,1923,476147,12219586,853526,23326941
2021-07-05,38599,1241721,278009,7346163,164,1132,51070,223758,71352,1915650,376,1552,426952,11743439,866522,22473415
2021-07-04,47992,1203122,259743,7068154,98,968,4181,172688,63329,1844298,92,1176,497124,11316487,872559,21606893
2021-07-03,46672,1155130,241800,6808411,186,870,25959,168507,65236,1780969,330,1084,541025,10819363,921208,20734334
2021-07-02,48374,1108458,283021,6566611,171,684,44899,142548,81150,1715733,309,754,661767,10278338,1119691,19813126
2021-07-01,61937,1060084,386432,6283590,129,513,31603,97649,109026,1634583,126,445,836017,9616571,1425270,18693435
2021-06-30,61553,998147,387342,5897158,64,384,14120,66046,109266,1525557,65,319,884497,8780554,1456907,17268165
2021-06-29,65367,936594,356103,5509816,46,320,11226,51926,101493,1416291,41,254,556965,7896057,1091241,15811258
2021-06-28,39957,871227,339205,5153713,64,274,9877,40700,79836,1314798,32,213,575933,7339092,1044904,14720017
2021-06-27,44329,831270,272761,4814508,59,210,976,30823,59226,1234962,9,181,609905,6763159,987265,13675113
2021-06-26,82154,786941,404566,4541747,37,151,4187,29847,109917,1175736,17,172,945334,6153254,1546212,12687848
2021-06-25,51206,704787,364673,4137181,54,114,7655,25660,88595,1065819,39,155,781636,5207920,1293858,11141636
2021-06-24,113989,653581,726107,3772508,27,60,6313,18005,179108,977224,21,116,1025239,4426284,2050804,9847778
2021-06-23,178503,539592,942940,3046401,5,33,4787,11692,255405,798116,22,95,1225962,3401045,2607624,7796974
2021-06-22,153175,361089,883764,2103461,14,28,3642,6905,239701,542711,12,73,1034130,2175083,2314438,5189350
2021-06-21,119363,207914,707424,1219697,6,14,2252,3263,191579,303010,19,61,797961,1140953,1818604,2874912
2021-06-20,44282,88551,253647,512273,4,8,372,1011,66623,111431,0,42,272097,342992,637025,1056308
2021-06-19,32675,44269,202661,258626,4,4,568,639,35033,44808,30,42,70826,70895,341797,419283
2021-06-18,11408,11594,54874,55965,0,0,71,71,9555,9775,12,12,69,69,75989,77486
2021-06-17,186,186,1091,1091,0,0,0,0,220,220,0,0,0,0,1497,1497
